component_id,node_count,claim_count,total_claim_amount,fraud_claim_count,fraud_rate,avg_claim_to_vehicle_ratio
COMP_1823,131,41,1391057.0,39,0.9512195121951219,1.3353658536585367
COMP_1747,158,50,1430239.0,32,0.64,1.0474
COMP_1798,80,24,730078.0,19,0.7916666666666666,1.39875
COMP_1733,47,13,504266.0,13,1.0,1.5553846153846154
COMP_1865,26,6,148591.0,3,0.5,0.995
COMP_0293,8,1,36575.74,0,0.0,0.71
COMP_0397,7,1,30034.69,0,0.0,0.53
COMP_1503,10,1,26181.44,0,0.0,0.65
COMP_0281,8,1,23875.28,0,0.0,0.61
COMP_1159,7,1,23791.68,0,0.0,0.42
COMP_1475,8,1,23663.07,0,0.0,0.48
COMP_1685,7,1,23092.78,0,0.0,0.57
COMP_0923,8,1,22465.83,0,0.0,0.55
COMP_0243,8,1,22187.9,0,0.0,0.42
COMP_0157,7,1,21640.09,0,0.0,0.48
COMP_1719,7,1,20922.56,0,0.0,0.55
COMP_0135,8,1,20825.03,0,0.0,0.45
COMP_1065,8,1,19668.09,0,0.0,0.37
COMP_0101,9,1,19342.83,0,0.0,0.36
COMP_1629,8,1,19049.35,0,0.0,0.38
COMP_0909,7,1,18923.51,0,0.0,0.52
COMP_0559,8,1,18701.7,0,0.0,0.44
COMP_0367,8,1,18550.35,0,0.0,0.69
COMP_0859,7,1,18503.84,0,0.0,0.36
COMP_0945,8,1,18416.07,0,0.0,0.38
COMP_1459,8,1,17323.16,0,0.0,0.57
COMP_0571,8,1,17283.39,0,0.0,0.38
COMP_0291,8,1,17184.81,0,0.0,0.3
COMP_0043,7,1,17084.59,0,0.0,0.33
COMP_0247,9,1,17004.86,0,0.0,0.6
COMP_1067,7,1,16700.65,0,0.0,0.43
COMP_0621,8,1,16356.62,0,0.0,0.39
COMP_1113,7,1,16254.73,0,0.0,0.33
COMP_1171,8,1,16220.92,0,0.0,0.3
COMP_1239,11,1,15992.45,0,0.0,0.33
COMP_1017,9,1,15826.44,0,0.0,0.27
COMP_0925,10,1,15802.72,0,0.0,0.32
COMP_0549,9,1,15734.01,0,0.0,0.34
COMP_1243,8,1,15711.32,0,0.0,0.32
COMP_0853,8,1,15555.0,0,0.0,0.3
COMP_0841,9,1,15507.08,0,0.0,0.4
COMP_1035,7,1,15173.31,0,0.0,0.39
COMP_0395,8,1,14942.72,0,0.0,0.48
COMP_0677,8,1,14905.72,0,0.0,0.46
COMP_0537,9,1,14901.86,0,0.0,0.5
COMP_0383,8,1,14791.46,0,0.0,0.25
COMP_0811,9,1,14775.46,0,0.0,0.34
COMP_0927,8,1,14759.63,0,0.0,0.36
COMP_0143,9,1,14748.89,0,0.0,0.38
COMP_0495,10,1,14559.72,0,0.0,0.39
COMP_1173,7,1,14484.45,0,0.0,0.27
COMP_0687,10,1,14441.48,0,0.0,0.47
COMP_0165,7,1,14216.99,0,0.0,0.31
COMP_1473,9,1,14102.62,0,0.0,0.44
COMP_0329,9,1,14093.39,0,0.0,0.38
COMP_1117,8,1,13980.69,0,0.0,0.44
COMP_0509,8,1,13924.11,0,0.0,0.33
COMP_0447,7,1,13911.62,0,0.0,0.28
COMP_1375,8,1,13882.33,0,0.0,0.26
COMP_1009,7,1,13866.99,0,0.0,0.36
COMP_1509,7,1,13859.13,0,0.0,0.26
COMP_0059,8,1,13804.57,0,0.0,0.54
COMP_0105,8,1,13764.62,0,0.0,0.27
COMP_0239,9,1,13726.78,0,0.0,0.5
COMP_1681,8,1,13674.62,0,0.0,0.34
COMP_0723,8,1,13594.55,0,0.0,0.33
COMP_0817,9,1,13480.08,0,0.0,0.62
COMP_0425,8,1,13469.93,0,0.0,0.28
COMP_0839,7,1,13451.48,0,0.0,0.64
COMP_1511,7,1,13428.71,0,0.0,0.39
COMP_0617,8,1,13258.0,0,0.0,0.23
COMP_1299,9,1,13212.65,0,0.0,0.23
COMP_1619,7,1,13185.56,0,0.0,0.35
COMP_0951,8,1,13176.96,0,0.0,0.29
COMP_1025,8,1,13084.89,0,0.0,0.35
COMP_1483,8,1,13000.89,0,0.0,0.3
COMP_1529,7,1,12992.77,0,0.0,0.32
COMP_1395,8,1,12897.77,0,0.0,0.55
COMP_1013,7,1,12865.97,0,0.0,0.31
COMP_1373,9,1,12859.94,0,0.0,0.44
COMP_0473,9,1,12818.66,0,0.0,0.42
COMP_0357,7,1,12793.4,0,0.0,0.48
COMP_0349,9,1,12786.86,0,0.0,0.47
COMP_0799,10,1,12705.26,0,0.0,0.59
COMP_0089,7,1,12675.6,0,0.0,0.54
COMP_0041,8,1,12668.69,0,0.0,0.27
COMP_1121,8,1,12536.74,0,0.0,0.22
COMP_0527,8,1,12501.76,0,0.0,0.27
COMP_1391,9,1,12436.8,0,0.0,0.35
COMP_1545,9,1,12426.78,0,0.0,0.64
COMP_0163,7,1,12407.4,0,0.0,0.31
COMP_1597,9,1,12286.22,0,0.0,0.26
COMP_1195,9,1,12269.36,0,0.0,0.39
COMP_0185,7,1,12222.23,0,0.0,0.26
COMP_0863,7,1,12219.88,0,0.0,0.64
COMP_1041,8,1,12165.33,0,0.0,0.31
COMP_0025,9,1,12163.03,0,0.0,0.54
COMP_0413,7,1,12051.2,0,0.0,0.37
COMP_0855,7,1,12033.19,0,0.0,0.4
COMP_0591,7,1,11967.53,0,0.0,0.27
COMP_0465,7,1,11959.29,0,0.0,0.23
COMP_0459,7,1,11910.44,0,0.0,0.26
COMP_1401,7,1,11900.74,0,0.0,0.28
COMP_1393,7,1,11879.22,0,0.0,0.32
COMP_1479,8,1,11862.12,0,0.0,0.24
COMP_1063,8,1,11764.38,0,0.0,0.22
COMP_1269,9,1,11731.98,0,0.0,0.24
COMP_1033,8,1,11730.12,0,0.0,0.21
COMP_1559,8,1,11702.85,0,0.0,0.2
COMP_1385,9,1,11687.3,0,0.0,0.35
COMP_0641,8,1,11600.2,0,0.0,0.27
COMP_1377,9,1,11588.26,0,0.0,0.25
COMP_0261,9,1,11555.96,0,0.0,0.49
COMP_0129,10,1,11464.47,0,0.0,0.32
COMP_1641,8,1,11455.68,0,0.0,0.22
COMP_0113,8,1,11431.37,0,0.0,0.2
COMP_1587,7,1,11431.15,0,0.0,0.2
COMP_1617,8,1,11430.37,0,0.0,0.36
COMP_1165,8,1,11405.65,0,0.0,0.4
COMP_0471,8,1,11400.01,0,0.0,0.37
COMP_1551,7,1,11393.99,0,0.0,0.28
COMP_0035,9,1,11343.75,0,0.0,0.19
COMP_0187,8,1,11335.6,0,0.0,0.49
COMP_1323,9,1,11299.16,0,0.0,0.39
COMP_1259,7,1,11290.91,0,0.0,0.31
COMP_0173,8,1,11265.0,0,0.0,0.25
COMP_0199,7,1,11241.15,0,0.0,0.28
COMP_1661,8,1,11240.36,0,0.0,0.25
COMP_1181,9,1,11231.26,0,0.0,0.24
COMP_1019,8,1,11171.23,0,0.0,0.22
COMP_0831,7,1,11143.49,0,0.0,0.28
COMP_0333,7,1,11129.89,0,0.0,0.25
COMP_1563,7,1,11122.39,0,0.0,0.31
COMP_1665,7,1,11105.77,0,0.0,0.4
COMP_0885,7,1,11059.34,0,0.0,0.28
COMP_1625,7,1,11043.36,0,0.0,0.21
COMP_1347,8,1,11042.36,0,0.0,0.42
COMP_1291,8,1,11011.88,0,0.0,0.2
COMP_1585,8,1,10979.28,0,0.0,0.22
COMP_1445,9,1,10974.31,0,0.0,0.2
COMP_1267,8,1,10948.04,0,0.0,0.22
COMP_0649,9,1,10926.87,0,0.0,0.29
COMP_1701,7,1,10874.21,0,0.0,0.42
COMP_1577,7,1,10731.47,0,0.0,0.27
COMP_1193,8,1,10652.17,0,0.0,0.47
COMP_0645,8,1,10632.99,0,0.0,0.32
COMP_0515,7,1,10623.76,0,0.0,0.18
COMP_0575,9,1,10612.84,0,0.0,0.45
COMP_1043,9,1,10576.67,0,0.0,0.56
COMP_1699,7,1,10573.78,0,0.0,0.18
COMP_1469,8,1,10564.31,0,0.0,0.2
COMP_1217,8,1,10530.14,0,0.0,0.2
COMP_0103,9,1,10515.53,0,0.0,0.2
COMP_0087,8,1,10514.14,0,0.0,0.48
COMP_1319,8,1,10507.28,0,0.0,0.19
COMP_0957,8,1,10472.8,0,0.0,0.2
COMP_0543,9,1,10454.16,0,0.0,0.19
COMP_1567,8,1,10454.12,0,0.0,0.29
COMP_1311,8,1,10448.3,0,0.0,0.2
COMP_1553,7,1,10447.77,0,0.0,0.38
COMP_1371,9,1,10447.66,0,0.0,0.18
COMP_0475,7,1,10431.12,0,0.0,0.28
COMP_0587,10,1,10417.21,0,0.0,0.23
COMP_1147,8,1,10365.56,0,0.0,0.23
COMP_0999,9,1,10333.93,0,0.0,0.52
COMP_1353,7,1,10303.16,0,0.0,0.34
COMP_1015,7,1,10261.61,0,0.0,0.23
COMP_1313,9,1,10241.85,0,0.0,0.18
COMP_0627,7,1,10232.16,0,0.0,0.44
COMP_0393,9,1,10171.09,0,0.0,0.36
COMP_0107,7,1,10168.29,0,0.0,0.31
COMP_0223,9,1,10106.57,0,0.0,0.25
COMP_0341,8,1,10066.3,0,0.0,0.18
COMP_1539,7,1,10037.04,0,0.0,0.24
COMP_0201,8,1,10014.02,0,0.0,0.34
COMP_1233,9,1,10000.83,0,0.0,0.28
COMP_0883,10,1,9988.79,0,0.0,0.37
COMP_0567,8,1,9971.3,0,0.0,0.3
COMP_0007,7,1,9945.97,0,0.0,0.54
COMP_1537,7,1,9943.34,0,0.0,0.18
COMP_1727,8,1,9868.96,0,0.0,0.18
COMP_0785,7,1,9835.79,0,0.0,0.2
COMP_1589,7,1,9821.29,0,0.0,0.19
COMP_1141,8,1,9812.37,0,0.0,0.27
COMP_0675,8,1,9804.22,0,0.0,0.18
COMP_1425,7,1,9789.67,0,0.0,0.19
COMP_0273,7,1,9785.55,0,0.0,0.23
COMP_1447,8,1,9772.47,0,0.0,0.18
COMP_1491,7,1,9769.57,0,0.0,0.21
COMP_1593,8,1,9742.78,0,0.0,0.48
COMP_0531,8,1,9739.56,0,0.0,0.32
COMP_0483,9,1,9698.0,0,0.0,0.21
COMP_0727,8,1,9661.27,0,0.0,0.21
COMP_1359,8,1,9660.58,0,0.0,0.18
COMP_1595,7,1,9642.02,0,0.0,0.62
COMP_0191,8,1,9619.26,0,0.0,0.36
COMP_0075,8,1,9564.86,0,0.0,0.19
COMP_0741,7,1,9561.69,0,0.0,0.33
COMP_0133,9,1,9552.67,0,0.0,0.29
COMP_0181,8,1,9522.75,0,0.0,0.26
COMP_0095,9,1,9491.96,0,0.0,0.19
COMP_1107,8,1,9489.28,0,0.0,0.23
COMP_0529,10,1,9482.72,0,0.0,0.21
COMP_1687,8,1,9467.42,0,0.0,0.59
COMP_0177,10,1,9457.33,0,0.0,0.19
COMP_1135,8,1,9453.01,0,0.0,0.36
COMP_0695,8,1,9389.24,0,0.0,0.4
COMP_1411,9,1,9355.2,0,0.0,0.17
COMP_0063,8,1,9354.2,0,0.0,0.2
COMP_1161,8,1,9316.64,0,0.0,0.38
COMP_0435,8,1,9310.87,0,0.0,0.36
COMP_1029,7,1,9301.88,0,0.0,0.41
COMP_1609,7,1,9293.96,0,0.0,0.16
COMP_1279,7,1,9266.62,0,0.0,0.27
COMP_1467,10,1,9243.47,0,0.0,0.23
COMP_1059,9,1,9238.21,0,0.0,0.18
COMP_0313,7,1,9236.24,0,0.0,0.4
COMP_1599,8,1,9212.67,0,0.0,0.53
COMP_0099,8,1,9207.19,0,0.0,0.15
COMP_0519,9,1,9145.04,0,0.0,0.56
COMP_1703,7,1,9142.21,0,0.0,0.63
COMP_0683,9,1,9132.44,0,0.0,0.26
COMP_1203,8,1,9111.67,0,0.0,0.22
COMP_0911,8,1,9111.3,0,0.0,0.24
COMP_0685,8,1,9050.76,0,0.0,0.28
COMP_0491,9,1,9028.17,0,0.0,0.3
COMP_0589,7,1,9028.0,0,0.0,0.15
COMP_0441,8,1,9024.65,0,0.0,0.34
COMP_0557,10,1,9023.23,0,0.0,0.4
COMP_0521,8,1,9020.44,0,0.0,0.37
COMP_1005,8,1,9017.4,0,0.0,0.18
COMP_0563,8,1,9015.94,0,0.0,0.19
COMP_0777,7,1,9005.83,0,0.0,0.21
COMP_0553,7,1,9001.12,0,0.0,0.16
COMP_0937,8,1,8988.95,0,0.0,0.19
COMP_0111,8,1,8974.12,0,0.0,0.41
COMP_1215,8,1,8965.3,0,0.0,0.26
COMP_0877,10,1,8951.37,0,0.0,0.25
COMP_0899,7,1,8948.36,0,0.0,0.26
COMP_1387,8,1,8922.9,0,0.0,0.44
COMP_1501,7,1,8922.81,0,0.0,0.4
COMP_1277,8,1,8913.64,0,0.0,0.3
COMP_1101,7,1,8890.69,0,0.0,0.26
COMP_0257,9,1,8863.53,0,0.0,0.38
COMP_1045,9,1,8842.41,0,0.0,0.42
COMP_1571,7,1,8814.22,0,0.0,0.34
COMP_0027,7,1,8813.65,0,0.0,0.49
COMP_0263,7,1,8796.88,0,0.0,0.16
COMP_1713,9,1,8757.72,0,0.0,0.27
COMP_0929,8,1,8755.94,0,0.0,0.2
COMP_0237,7,1,8718.68,0,0.0,0.23
COMP_0729,9,1,8680.84,0,0.0,0.2
COMP_1187,8,1,8672.69,0,0.0,0.48
COMP_0253,7,1,8657.34,0,0.0,0.38
COMP_0827,8,1,8650.4,0,0.0,0.33
COMP_0259,8,1,8635.36,0,0.0,0.16
COMP_1555,7,1,8634.6,0,0.0,0.56
COMP_1731,7,1,8628.76,0,0.0,0.26
COMP_0985,11,1,8623.95,0,0.0,0.35
COMP_1341,9,1,8589.04,0,0.0,0.21
COMP_0411,8,1,8556.31,0,0.0,0.21
COMP_0077,9,1,8553.35,0,0.0,0.57
COMP_0049,7,1,8522.53,0,0.0,0.19
COMP_0337,8,1,8498.33,0,0.0,0.2
COMP_1621,8,1,8495.36,0,0.0,0.68
COMP_1527,7,1,8494.11,0,0.0,0.33
COMP_1561,9,1,8485.42,0,0.0,0.21
COMP_0301,8,1,8455.33,0,0.0,0.49
COMP_0657,8,1,8452.79,0,0.0,0.49
COMP_0513,9,1,8413.88,0,0.0,0.7
COMP_0127,10,1,8394.1,0,0.0,0.16
COMP_0545,8,1,8387.41,0,0.0,0.27
COMP_1613,7,1,8373.29,0,0.0,0.18
COMP_0399,8,1,8371.35,0,0.0,0.14
COMP_0381,10,1,8355.28,0,0.0,0.14
COMP_0251,9,1,8315.19,0,0.0,0.21
COMP_0555,7,1,8312.7,0,0.0,0.65
COMP_0145,8,1,8308.75,0,0.0,0.17
COMP_1363,7,1,8256.73,0,0.0,0.28
COMP_0607,7,1,8223.8,0,0.0,0.48
COMP_0451,8,1,8220.2,0,0.0,0.48
COMP_0535,8,1,8212.53,0,0.0,0.15
COMP_0997,8,1,8211.74,0,0.0,0.16
COMP_1265,7,1,8203.83,0,0.0,0.47
COMP_1315,8,1,8188.87,0,0.0,0.18
COMP_1337,9,1,8166.94,0,0.0,0.25
COMP_0227,8,1,8159.4,0,0.0,0.15
COMP_0021,8,1,8141.08,0,0.0,0.24
COMP_1557,7,1,8127.7,0,0.0,0.36
COMP_1623,7,1,8119.57,0,0.0,0.2
COMP_1219,8,1,8110.1,0,0.0,0.7
COMP_0915,8,1,8088.06,0,0.0,0.15
COMP_0015,7,1,8049.42,0,0.0,0.24
COMP_0131,8,1,8043.36,0,0.0,0.26
COMP_0217,7,1,8021.0,0,0.0,0.17
COMP_1453,8,1,7998.8,0,0.0,0.41
COMP_0797,8,1,7992.31,0,0.0,0.17
COMP_0071,8,1,7985.78,0,0.0,0.16
COMP_0639,8,1,7960.69,0,0.0,0.15
COMP_0401,7,1,7958.42,0,0.0,0.25
COMP_0533,7,1,7956.78,0,0.0,0.29
COMP_1109,8,1,7956.33,0,0.0,0.48
COMP_1645,8,1,7954.66,0,0.0,0.2
COMP_1487,8,1,7952.26,0,0.0,0.25
COMP_0505,8,1,7949.97,0,0.0,0.18
COMP_0045,10,1,7944.98,0,0.0,0.18
COMP_0433,9,1,7937.08,0,0.0,0.14
COMP_0481,7,1,7928.7,0,0.0,0.2
COMP_0315,8,1,7882.25,0,0.0,0.21
COMP_1163,8,1,7844.02,0,0.0,0.37
COMP_0541,8,1,7820.01,0,0.0,0.26
COMP_0325,7,1,7813.87,0,0.0,0.14
COMP_1495,8,1,7784.51,0,0.0,0.67
COMP_1637,7,1,7780.13,0,0.0,0.31
COMP_0959,7,1,7738.42,0,0.0,0.7
COMP_0705,7,1,7735.95,0,0.0,0.43
COMP_1039,9,1,7709.49,0,0.0,0.22
COMP_1669,7,1,7688.61,0,0.0,0.35
COMP_0719,9,1,7676.46,0,0.0,0.2
COMP_0791,9,1,7674.13,0,0.0,0.22
COMP_0579,7,1,7672.93,0,0.0,0.13
COMP_1235,7,1,7655.87,0,0.0,0.26
COMP_1053,7,1,7650.7,0,0.0,0.31
COMP_1079,8,1,7642.14,0,0.0,0.37
COMP_0109,7,1,7640.97,0,0.0,0.35
COMP_1145,9,1,7638.71,0,0.0,0.13
COMP_0629,7,1,7633.59,0,0.0,0.36
COMP_0221,8,1,7632.59,0,0.0,0.13
COMP_1139,7,1,7629.02,0,0.0,0.2
COMP_0769,8,1,7622.24,0,0.0,0.16
COMP_0285,9,1,7617.62,0,0.0,0.53
COMP_1601,7,1,7613.1,0,0.0,0.13
COMP_1011,7,1,7593.61,0,0.0,0.44
COMP_1497,8,1,7562.83,0,0.0,0.2
COMP_1603,8,1,7525.31,0,0.0,0.15
COMP_1175,8,1,7494.05,0,0.0,0.13
COMP_1489,7,1,7481.61,0,0.0,0.17
COMP_1179,8,1,7456.19,0,0.0,0.17
COMP_0897,8,1,7392.18,0,0.0,0.12
COMP_0197,8,1,7390.13,0,0.0,0.38
COMP_1055,8,1,7384.57,0,0.0,0.13
COMP_1455,8,1,7362.13,0,0.0,0.15
COMP_0793,8,1,7359.68,0,0.0,0.13
COMP_1071,8,1,7355.94,0,0.0,0.38
COMP_0981,9,1,7337.37,0,0.0,0.15
COMP_1457,7,1,7336.44,0,0.0,0.6
COMP_0427,8,1,7319.55,0,0.0,0.15
COMP_1345,7,1,7302.59,0,0.0,0.14
COMP_1301,9,1,7298.9,0,0.0,0.16
COMP_0681,7,1,7296.31,0,0.0,0.44
COMP_0983,8,1,7289.75,0,0.0,0.57
COMP_0073,8,1,7289.58,0,0.0,0.24
COMP_0919,7,1,7284.38,0,0.0,0.14
COMP_0755,9,1,7244.74,0,0.0,0.13
COMP_1409,8,1,7236.66,0,0.0,0.47
COMP_1649,9,1,7235.66,0,0.0,0.23
COMP_0889,7,1,7223.08,0,0.0,0.14
COMP_0211,9,1,7215.43,0,0.0,0.4
COMP_0809,9,1,7205.55,0,0.0,0.19
COMP_0215,8,1,7205.53,0,0.0,0.12
COMP_0511,7,1,7203.38,0,0.0,0.21
COMP_1127,8,1,7199.69,0,0.0,0.19
COMP_0189,8,1,7188.77,0,0.0,0.14
COMP_0605,8,1,7175.8,0,0.0,0.19
COMP_0287,7,1,7175.78,0,0.0,0.19
COMP_0869,7,1,7174.66,0,0.0,0.14
COMP_0117,9,1,7165.95,0,0.0,0.21
COMP_1281,7,1,7162.06,0,0.0,0.66
COMP_1261,8,1,7145.73,0,0.0,0.14
COMP_1531,7,1,7122.11,0,0.0,0.13
COMP_0417,7,1,7099.79,0,0.0,0.19
COMP_1655,9,1,7095.22,0,0.0,0.22
COMP_1327,7,1,7073.68,0,0.0,0.14
COMP_1653,8,1,7038.15,0,0.0,0.14
COMP_0633,8,1,7033.52,0,0.0,0.28
COMP_0389,7,1,7024.96,0,0.0,0.21
COMP_1209,8,1,7005.96,0,0.0,0.26
COMP_1723,7,1,6997.19,0,0.0,0.34
COMP_0361,9,1,6985.34,0,0.0,0.12
COMP_1439,8,1,6978.5,0,0.0,0.33
COMP_0871,7,1,6958.73,0,0.0,0.21
COMP_1677,7,1,6950.81,0,0.0,0.25
COMP_0611,8,1,6942.34,0,0.0,0.12
COMP_0503,7,1,6939.73,0,0.0,0.15
COMP_0219,7,1,6913.54,0,0.0,0.16
COMP_0019,7,1,6902.01,0,0.0,0.14
COMP_0977,8,1,6901.57,0,0.0,0.16
COMP_0669,8,1,6897.31,0,0.0,0.2
COMP_1403,8,1,6893.79,0,0.0,0.25
COMP_0737,9,1,6889.66,0,0.0,0.24
COMP_0339,8,1,6886.71,0,0.0,0.6
COMP_1095,8,1,6874.69,0,0.0,0.52
COMP_0581,8,1,6863.91,0,0.0,0.3
COMP_0093,8,1,6859.75,0,0.0,0.65
COMP_0461,8,1,6842.5,0,0.0,0.13
COMP_0779,9,1,6836.19,0,0.0,0.37
COMP_0039,7,1,6835.83,0,0.0,0.12
COMP_0423,8,1,6834.57,0,0.0,0.25
COMP_0195,9,1,6831.87,0,0.0,0.13
COMP_0775,8,1,6808.83,0,0.0,0.35
COMP_0431,8,1,6800.4,0,0.0,0.53
COMP_0625,7,1,6794.09,0,0.0,0.12
COMP_1675,9,1,6790.75,0,0.0,0.14
COMP_0207,8,1,6790.21,0,0.0,0.25
COMP_1225,7,1,6765.95,0,0.0,0.2
COMP_1257,7,1,6763.26,0,0.0,0.2
COMP_0365,7,1,6747.76,0,0.0,0.21
COMP_0155,7,1,6741.41,0,0.0,0.12
COMP_0993,9,1,6740.39,0,0.0,0.25
COMP_1431,7,1,6737.9,0,0.0,0.14
COMP_0665,10,1,6724.45,0,0.0,0.12
COMP_0661,8,1,6689.14,0,0.0,0.26
COMP_0663,8,1,6686.92,0,0.0,0.12
COMP_0593,8,1,6682.27,0,0.0,0.26
COMP_1303,8,1,6656.87,0,0.0,0.15
COMP_0421,7,1,6655.52,0,0.0,0.29
COMP_0499,9,1,6637.16,0,0.0,0.21
COMP_0865,9,1,6629.44,0,0.0,0.15
COMP_1683,7,1,6623.78,0,0.0,0.19
COMP_1573,7,1,6609.22,0,0.0,0.25
COMP_0651,8,1,6608.83,0,0.0,0.15
COMP_0547,9,1,6595.92,0,0.0,0.31
COMP_0419,9,1,6593.56,0,0.0,0.57
COMP_0753,7,1,6577.96,0,0.0,0.18
COMP_1285,10,1,6537.63,0,0.0,0.35
COMP_0159,8,1,6534.77,0,0.0,0.3
COMP_1249,9,1,6526.08,0,0.0,0.12
COMP_0271,8,1,6515.13,0,0.0,0.28
COMP_0903,7,1,6504.18,0,0.0,0.5
COMP_0995,11,1,6489.84,0,0.0,0.14
COMP_0671,7,1,6487.46,0,0.0,0.14
COMP_0203,7,1,6485.75,0,0.0,0.23
COMP_1223,8,1,6469.76,0,0.0,0.22
COMP_1157,8,1,6432.87,0,0.0,0.29
COMP_0501,8,1,6431.08,0,0.0,0.15
COMP_0343,7,1,6428.26,0,0.0,0.23
COMP_1389,9,1,6399.68,0,0.0,0.5
COMP_0731,8,1,6398.55,0,0.0,0.11
COMP_0375,10,1,6393.53,0,0.0,0.18
COMP_0485,7,1,6380.66,0,0.0,0.61
COMP_1137,8,1,6374.03,0,0.0,0.22
COMP_1167,7,1,6355.22,0,0.0,0.3
COMP_0833,7,1,6349.9,0,0.0,0.22
COMP_1007,10,1,6341.97,0,0.0,0.22
COMP_0561,9,1,6338.91,0,0.0,0.12
COMP_0355,9,1,6312.14,0,0.0,0.27
COMP_0445,7,1,6304.98,0,0.0,0.3
COMP_0939,7,1,6301.84,0,0.0,0.42
COMP_0029,7,1,6289.57,0,0.0,0.16
COMP_1369,9,1,6276.56,0,0.0,0.26
COMP_0005,8,1,6259.08,0,0.0,0.12
COMP_0209,8,1,6253.7,0,0.0,0.22
COMP_1441,9,1,6238.76,0,0.0,0.12
COMP_0311,7,1,6198.61,0,0.0,0.23
COMP_1695,8,1,6179.27,0,0.0,0.53
COMP_1111,7,1,6171.76,0,0.0,0.19
COMP_0249,7,1,6092.96,0,0.0,0.17
COMP_0881,9,1,6058.76,0,0.0,0.2
COMP_0955,8,1,6057.31,0,0.0,0.34
COMP_0539,8,1,6051.26,0,0.0,0.13
COMP_1697,8,1,6050.11,0,0.0,0.11
COMP_0935,7,1,6045.17,0,0.0,0.19
COMP_1037,8,1,6036.44,0,0.0,0.13
COMP_1725,8,1,6036.42,0,0.0,0.19
COMP_1417,9,1,6034.87,0,0.0,0.16
COMP_1673,7,1,6034.6,0,0.0,0.49
COMP_0379,8,1,6026.87,0,0.0,0.12
COMP_0403,8,1,6009.62,0,0.0,0.12
COMP_0825,7,1,6000.3,0,0.0,0.14
COMP_1481,8,1,5989.38,0,0.0,0.12
COMP_1245,8,1,5986.16,0,0.0,0.28
COMP_0647,8,1,5981.01,0,0.0,0.45
COMP_0569,9,1,5970.82,0,0.0,0.16
COMP_1663,9,1,5963.53,0,0.0,0.13
COMP_0745,8,1,5963.3,0,0.0,0.11
COMP_0565,7,1,5958.61,0,0.0,0.16
COMP_0467,7,1,5947.01,0,0.0,0.11
COMP_0487,8,1,5943.12,0,0.0,0.13
COMP_1519,8,1,5939.46,0,0.0,0.12
COMP_0083,8,1,5934.49,0,0.0,0.16
COMP_0011,7,1,5926.78,0,0.0,0.14
COMP_1721,8,1,5922.96,0,0.0,0.15
COMP_0585,9,1,5922.0,0,0.0,0.71
COMP_0497,9,1,5917.35,0,0.0,0.38
COMP_0699,8,1,5912.6,0,0.0,0.1
COMP_0255,8,1,5892.41,0,0.0,0.14
COMP_1465,7,1,5889.76,0,0.0,0.21
COMP_0225,9,1,5879.38,0,0.0,0.34
COMP_0901,9,1,5841.5,0,0.0,0.11
COMP_1069,8,1,5835.55,0,0.0,0.56
COMP_1325,7,1,5828.38,0,0.0,0.28
COMP_0065,7,1,5826.89,0,0.0,0.47
COMP_0017,9,1,5823.45,0,0.0,0.11
COMP_0725,7,1,5821.12,0,0.0,0.13
COMP_0843,8,1,5807.22,0,0.0,0.15
COMP_1579,8,1,5805.24,0,0.0,0.47
COMP_0895,8,1,5794.24,0,0.0,0.23
COMP_0813,8,1,5782.71,0,0.0,0.13
COMP_1343,8,1,5779.25,0,0.0,0.53
COMP_0179,9,1,5753.22,0,0.0,0.1
COMP_0449,7,1,5746.52,0,0.0,0.18
COMP_1451,8,1,5719.41,0,0.0,0.11
COMP_0469,8,1,5716.55,0,0.0,0.21
COMP_0873,9,1,5707.81,0,0.0,0.15
COMP_0517,7,1,5706.93,0,0.0,0.11
COMP_0861,7,1,5687.72,0,0.0,0.13
COMP_0973,8,1,5680.07,0,0.0,0.15
COMP_0297,8,1,5678.17,0,0.0,0.22
COMP_1329,9,1,5669.44,0,0.0,0.1
COMP_0309,8,1,5665.48,0,0.0,0.17
COMP_0147,8,1,5662.49,0,0.0,0.12
COMP_0149,8,1,5630.86,0,0.0,0.1
COMP_1707,9,1,5612.33,0,0.0,0.16
COMP_0837,9,1,5608.34,0,0.0,0.1
COMP_1119,9,1,5603.57,0,0.0,0.12
COMP_1361,7,1,5587.91,0,0.0,0.32
COMP_0033,8,1,5584.18,0,0.0,0.1
COMP_0847,7,1,5581.74,0,0.0,0.22
COMP_0097,9,1,5574.66,0,0.0,0.19
COMP_1197,7,1,5571.43,0,0.0,0.1
COMP_1333,7,1,5560.56,0,0.0,0.17
COMP_0061,8,1,5554.61,0,0.0,0.2
COMP_0583,8,1,5553.02,0,0.0,0.1
COMP_0623,7,1,5546.63,0,0.0,0.1
COMP_1221,7,1,5529.8,0,0.0,0.24
COMP_0463,8,1,5504.12,0,0.0,0.16
COMP_0277,7,1,5503.09,0,0.0,0.13
COMP_0765,8,1,5498.57,0,0.0,0.09
COMP_0631,9,1,5495.14,0,0.0,0.45
COMP_1089,9,1,5488.31,0,0.0,0.11
COMP_0001,8,1,5485.41,0,0.0,0.57
COMP_1513,9,1,5484.77,0,0.0,0.11
COMP_0751,8,1,5468.59,0,0.0,0.11
COMP_0213,10,1,5458.1,0,0.0,0.12
COMP_1099,8,1,5455.97,0,0.0,0.1
COMP_1335,9,1,5446.98,0,0.0,0.4
COMP_1505,9,1,5400.22,0,0.0,0.22
COMP_0307,9,1,5391.38,0,0.0,0.13
COMP_1073,7,1,5386.45,0,0.0,0.13
COMP_0735,8,1,5384.71,0,0.0,0.12
COMP_0693,8,1,5381.77,0,0.0,0.19
COMP_0667,7,1,5372.52,0,0.0,0.66
COMP_1399,9,1,5369.67,0,0.0,0.11
COMP_1087,7,1,5358.38,0,0.0,0.15
COMP_1083,7,1,5357.83,0,0.0,0.16
COMP_0013,7,1,5346.36,0,0.0,0.1
COMP_0171,7,1,5333.02,0,0.0,0.26
COMP_1207,8,1,5326.78,0,0.0,0.12
COMP_0321,9,1,5325.21,0,0.0,0.09
COMP_0137,10,1,5297.27,0,0.0,0.18
COMP_1185,8,1,5297.11,0,0.0,0.22
COMP_0963,8,1,5292.77,0,0.0,0.26
COMP_1287,8,1,5273.6,0,0.0,0.13
COMP_1461,8,1,5265.49,0,0.0,0.12
COMP_0577,8,1,5262.89,0,0.0,0.4
COMP_0231,8,1,5259.35,0,0.0,0.36
COMP_0781,8,1,5259.05,0,0.0,0.11
COMP_0279,7,1,5239.18,0,0.0,0.23
COMP_0975,8,1,5221.0,0,0.0,0.11
COMP_1541,7,1,5218.57,0,0.0,0.12
COMP_1643,9,1,5206.31,0,0.0,0.34
COMP_0613,7,1,5203.65,0,0.0,0.17
COMP_1085,8,1,5201.12,0,0.0,0.13
COMP_1227,8,1,5198.42,0,0.0,0.15
COMP_0235,8,1,5194.92,0,0.0,0.16
COMP_1293,8,1,5187.61,0,0.0,0.38
COMP_0551,9,1,5170.3,0,0.0,0.13
COMP_0913,8,1,5166.71,0,0.0,0.44
COMP_1231,8,1,5163.7,0,0.0,0.1
COMP_0205,8,1,5146.01,0,0.0,0.25
COMP_0965,8,1,5140.09,0,0.0,0.14
COMP_0067,7,1,5127.75,0,0.0,0.48
COMP_1297,7,1,5118.78,0,0.0,0.18
COMP_0867,8,1,5107.34,0,0.0,0.18
COMP_0037,8,1,5107.32,0,0.0,0.18
COMP_0637,7,1,5103.03,0,0.0,0.11
COMP_0805,8,1,5100.27,0,0.0,0.38
COMP_0989,9,1,5090.25,0,0.0,0.12
COMP_1651,7,1,5088.49,0,0.0,0.1
COMP_0121,9,1,5086.08,0,0.0,0.11
COMP_0139,8,1,5068.96,0,0.0,0.38
COMP_0359,8,1,5060.16,0,0.0,0.3
COMP_0151,7,1,5059.84,0,0.0,0.4
COMP_0115,8,1,5057.18,0,0.0,0.13
COMP_0457,8,1,5053.84,0,0.0,0.09
COMP_0303,7,1,5045.71,0,0.0,0.28
COMP_1407,11,1,5041.57,0,0.0,0.08
COMP_1639,8,1,5035.18,0,0.0,0.32
COMP_0767,8,1,5018.63,0,0.0,0.09
COMP_1605,7,1,5014.6,0,0.0,0.58
COMP_1177,8,1,5004.73,0,0.0,0.53
COMP_0229,8,1,4991.96,0,0.0,0.48
COMP_0317,8,1,4987.39,0,0.0,0.17
COMP_0125,10,1,4983.45,0,0.0,0.38
COMP_1565,7,1,4983.42,0,0.0,0.11
COMP_0835,8,1,4980.86,0,0.0,0.14
COMP_1633,7,1,4972.12,0,0.0,0.4
COMP_1255,7,1,4933.83,0,0.0,0.1
COMP_0771,8,1,4928.8,0,0.0,0.11
COMP_1143,8,1,4922.46,0,0.0,0.29
COMP_0757,8,1,4914.0,0,0.0,0.24
COMP_0079,8,1,4913.97,0,0.0,0.1
COMP_0655,8,1,4895.68,0,0.0,0.36
COMP_0933,9,1,4888.49,0,0.0,0.13
COMP_1433,7,1,4880.37,0,0.0,0.09
COMP_0453,7,1,4876.69,0,0.0,0.1
COMP_0507,7,1,4854.84,0,0.0,0.13
COMP_0787,9,1,4847.9,0,0.0,0.17
COMP_1705,7,1,4841.22,0,0.0,0.11
COMP_0275,8,1,4832.24,0,0.0,0.08
COMP_1339,7,1,4795.02,0,0.0,0.12
COMP_1317,7,1,4788.44,0,0.0,0.24
COMP_0601,9,1,4760.76,0,0.0,0.14
COMP_1521,7,1,4756.38,0,0.0,0.41
COMP_1365,7,1,4751.81,0,0.0,0.25
COMP_0851,9,1,4748.63,0,0.0,0.15
COMP_0319,7,1,4733.14,0,0.0,0.2
COMP_0443,8,1,4731.01,0,0.0,0.19
COMP_0363,7,1,4730.0,0,0.0,0.15
COMP_0941,10,1,4724.84,0,0.0,0.08
COMP_0169,8,1,4722.86,0,0.0,0.08
COMP_0961,8,1,4702.37,0,0.0,0.19
COMP_0721,8,1,4701.82,0,0.0,0.09
COMP_1263,7,1,4689.62,0,0.0,0.1
COMP_1627,9,1,4689.03,0,0.0,0.14
COMP_0609,7,1,4670.91,0,0.0,0.36
COMP_1435,9,1,4664.91,0,0.0,0.13
COMP_0055,9,1,4660.88,0,0.0,0.36
COMP_0347,9,1,4654.33,0,0.0,0.16
COMP_0971,8,1,4650.12,0,0.0,0.21
COMP_0715,8,1,4650.02,0,0.0,0.4
COMP_0385,8,1,4644.05,0,0.0,0.16
COMP_1525,9,1,4639.48,0,0.0,0.11
COMP_0921,8,1,4613.29,0,0.0,0.09
COMP_1413,7,1,4600.16,0,0.0,0.25
COMP_0335,8,1,4594.99,0,0.0,0.12
COMP_1569,8,1,4592.19,0,0.0,0.11
COMP_0679,8,1,4573.58,0,0.0,0.08
COMP_1659,8,1,4568.2,0,0.0,0.09
COMP_1647,7,1,4560.97,0,0.0,0.46
COMP_1149,8,1,4558.38,0,0.0,0.35
COMP_1049,7,1,4539.06,0,0.0,0.1
COMP_1429,7,1,4537.8,0,0.0,0.19
COMP_1093,7,1,4535.31,0,0.0,0.21
COMP_1191,9,1,4535.31,0,0.0,0.45
COMP_1105,8,1,4528.61,0,0.0,0.18
COMP_0493,7,1,4523.7,0,0.0,0.33
COMP_0085,7,1,4517.59,0,0.0,0.1
COMP_1611,9,1,4506.46,0,0.0,0.17
COMP_1051,8,1,4503.94,0,0.0,0.12
COMP_1081,7,1,4490.9,0,0.0,0.1
COMP_0299,10,1,4470.02,0,0.0,0.08
COMP_0373,8,1,4469.23,0,0.0,0.49
COMP_0773,10,1,4443.63,0,0.0,0.09
COMP_0597,7,1,4443.58,0,0.0,0.26
COMP_0701,7,1,4433.96,0,0.0,0.07
COMP_1691,7,1,4431.46,0,0.0,0.38
COMP_1693,8,1,4413.07,0,0.0,0.25
COMP_1125,8,1,4411.03,0,0.0,0.14
COMP_0409,7,1,4399.22,0,0.0,0.08
COMP_1535,7,1,4395.86,0,0.0,0.1
COMP_0415,8,1,4354.75,0,0.0,0.08
COMP_0489,8,1,4329.71,0,0.0,0.28
COMP_0917,8,1,4324.58,0,0.0,0.12
COMP_0691,8,1,4313.52,0,0.0,0.18
COMP_1443,7,1,4308.97,0,0.0,0.18
COMP_1635,9,1,4302.46,0,0.0,0.33
COMP_0821,7,1,4257.5,0,0.0,0.1
COMP_1581,8,1,4244.69,0,0.0,0.08
COMP_1021,7,1,4236.65,0,0.0,0.21
COMP_0265,7,1,4226.83,0,0.0,0.19
COMP_0153,9,1,4187.41,0,0.0,0.11
COMP_1657,8,1,4180.72,0,0.0,0.1
COMP_1367,8,1,4174.69,0,0.0,0.28
COMP_0327,7,1,4162.79,0,0.0,0.09
COMP_1499,9,1,4153.62,0,0.0,0.09
COMP_0603,8,1,4140.84,0,0.0,0.13
COMP_1247,9,1,4140.65,0,0.0,0.08
COMP_0023,7,1,4140.35,0,0.0,0.08
COMP_0091,7,1,4117.6,0,0.0,0.12
COMP_0305,8,1,4113.59,0,0.0,0.08
COMP_1471,7,1,4102.23,0,0.0,0.09
COMP_0175,8,1,4101.88,0,0.0,0.11
COMP_1273,9,1,4098.97,0,0.0,0.1
COMP_0697,8,1,4092.23,0,0.0,0.14
COMP_1321,7,1,4073.57,0,0.0,0.08
COMP_0815,7,1,4073.08,0,0.0,0.07
COMP_1295,8,1,4057.54,0,0.0,0.21
COMP_1515,7,1,4055.47,0,0.0,0.07
COMP_0429,7,1,4006.86,0,0.0,0.08
COMP_0659,9,1,4001.22,0,0.0,0.07
COMP_1031,10,1,3977.86,0,0.0,0.21
COMP_0653,7,1,3975.58,0,0.0,0.27
COMP_0879,8,1,3970.88,0,0.0,0.14
COMP_0141,7,1,3964.78,0,0.0,0.08
COMP_1057,8,1,3955.19,0,0.0,0.12
COMP_0283,9,1,3945.66,0,0.0,0.24
COMP_1405,8,1,3922.71,0,0.0,0.09
COMP_0241,10,1,3920.1,0,0.0,0.12
COMP_0057,8,1,3909.32,0,0.0,0.17
COMP_0783,8,1,3896.45,0,0.0,0.09
COMP_1711,9,1,3893.74,0,0.0,0.23
COMP_1477,9,1,3880.68,0,0.0,0.07
COMP_0031,7,1,3880.12,0,0.0,0.13
COMP_0233,9,1,3875.26,0,0.0,0.22
COMP_0009,8,1,3872.14,0,0.0,0.12
COMP_1229,8,1,3865.21,0,0.0,0.11
COMP_1027,7,1,3864.98,0,0.0,0.09
COMP_0849,7,1,3862.54,0,0.0,0.08
COMP_0437,8,1,3860.29,0,0.0,0.21
COMP_0455,7,1,3852.87,0,0.0,0.14
COMP_1437,9,1,3843.49,0,0.0,0.32
COMP_1351,7,1,3841.0,0,0.0,0.15
COMP_1517,7,1,3798.31,0,0.0,0.3
COMP_1199,7,1,3780.71,0,0.0,0.19
COMP_0709,7,1,3773.41,0,0.0,0.07
COMP_1615,9,1,3753.27,0,0.0,0.24
COMP_1415,8,1,3747.08,0,0.0,0.2
COMP_0733,7,1,3746.46,0,0.0,0.22
COMP_1077,8,1,3738.82,0,0.0,0.3
COMP_0857,9,1,3707.1,0,0.0,0.09
COMP_0167,7,1,3690.15,0,0.0,0.1
COMP_0595,7,1,3688.86,0,0.0,0.09
COMP_0193,8,1,3676.38,0,0.0,0.08
COMP_0789,9,1,3674.58,0,0.0,0.3
COMP_0991,8,1,3671.79,0,0.0,0.07
COMP_0703,8,1,3670.09,0,0.0,0.09
COMP_0353,7,1,3667.36,0,0.0,0.34
COMP_0405,7,1,3665.89,0,0.0,0.23
COMP_1047,7,1,3658.2,0,0.0,0.08
COMP_0759,8,1,3651.15,0,0.0,0.09
COMP_1155,8,1,3638.45,0,0.0,0.25
COMP_1275,7,1,3615.05,0,0.0,0.1
COMP_0525,8,1,3613.95,0,0.0,0.33
COMP_1631,10,1,3609.3,0,0.0,0.23
COMP_0819,8,1,3580.67,0,0.0,0.07
COMP_1251,8,1,3557.27,0,0.0,0.07
COMP_1379,8,1,3545.04,0,0.0,0.08
COMP_0391,7,1,3544.92,0,0.0,0.06
COMP_1091,8,1,3524.37,0,0.0,0.08
COMP_0123,7,1,3522.18,0,0.0,0.06
COMP_0289,7,1,3521.51,0,0.0,0.2
COMP_0803,9,1,3520.49,0,0.0,0.26
COMP_1397,8,1,3516.32,0,0.0,0.06
COMP_1463,7,1,3513.27,0,0.0,0.38
COMP_0893,7,1,3496.02,0,0.0,0.19
COMP_1449,7,1,3490.82,0,0.0,0.06
COMP_0295,7,1,3473.66,0,0.0,0.16
COMP_0979,8,1,3429.76,0,0.0,0.12
COMP_1591,8,1,3426.72,0,0.0,0.08
COMP_0643,8,1,3404.95,0,0.0,0.12
COMP_0053,7,1,3396.97,0,0.0,0.22
COMP_1689,8,1,3365.22,0,0.0,0.15
COMP_1309,9,1,3364.49,0,0.0,0.12
COMP_1205,7,1,3347.07,0,0.0,0.11
COMP_1423,9,1,3303.02,0,0.0,0.23
COMP_1283,7,1,3282.12,0,0.0,0.08
COMP_0711,8,1,3278.14,0,0.0,0.11
COMP_0119,8,1,3273.62,0,0.0,0.09
COMP_1523,7,1,3266.4,0,0.0,0.31
COMP_0387,8,1,3261.13,0,0.0,0.29
COMP_0635,8,1,3236.6,0,0.0,0.07
COMP_1729,9,1,3230.49,0,0.0,0.28
COMP_1307,10,1,3206.72,0,0.0,0.16
COMP_0717,7,1,3193.5,0,0.0,0.06
COMP_0269,8,1,3175.24,0,0.0,0.11
COMP_1419,7,1,3168.31,0,0.0,0.18
COMP_0245,8,1,3158.26,0,0.0,0.1
COMP_0377,7,1,3123.2,0,0.0,0.08
COMP_1493,7,1,3115.77,0,0.0,0.22
COMP_1123,8,1,3097.37,0,0.0,0.06
COMP_1575,8,1,3095.16,0,0.0,0.05
COMP_0739,8,1,3092.1,0,0.0,0.15
COMP_0887,9,1,3076.6,0,0.0,0.05
COMP_0931,8,1,3063.64,0,0.0,0.1
COMP_0953,8,1,3057.18,0,0.0,0.32
COMP_1169,8,1,3055.91,0,0.0,0.16
COMP_1671,7,1,3050.51,0,0.0,0.1
COMP_1357,8,1,3046.59,0,0.0,0.15
COMP_1667,7,1,3034.41,0,0.0,0.06
COMP_1331,9,1,3003.49,0,0.0,0.1
COMP_0323,7,1,3002.84,0,0.0,0.06
COMP_1237,8,1,3001.42,0,0.0,0.08
COMP_1427,7,1,2967.55,0,0.0,0.34
COMP_0047,7,1,2953.54,0,0.0,0.1
COMP_0987,8,1,2938.06,0,0.0,0.32
COMP_1271,8,1,2927.1,0,0.0,0.3
COMP_1549,8,1,2886.78,0,0.0,0.09
COMP_0331,8,1,2871.04,0,0.0,0.08
COMP_1201,9,1,2859.81,0,0.0,0.06
COMP_0845,8,1,2825.16,0,0.0,0.08
COMP_0713,10,1,2823.17,0,0.0,0.28
COMP_0069,8,1,2820.52,0,0.0,0.11
COMP_1003,7,1,2805.14,0,0.0,0.12
COMP_1001,8,1,2799.13,0,0.0,0.23
COMP_0823,9,1,2737.49,0,0.0,0.15
COMP_0807,8,1,2733.92,0,0.0,0.06
COMP_1153,8,1,2728.17,0,0.0,0.06
COMP_0051,7,1,2715.79,0,0.0,0.09
COMP_0761,9,1,2706.59,0,0.0,0.29
COMP_1253,7,1,2694.43,0,0.0,0.29
COMP_1485,8,1,2667.08,0,0.0,0.13
COMP_0345,8,1,2641.31,0,0.0,0.09
COMP_0267,8,1,2639.7,0,0.0,0.1
COMP_0407,9,1,2590.58,0,0.0,0.15
COMP_1381,7,1,2571.96,0,0.0,0.06
COMP_1241,7,1,2563.05,0,0.0,0.07
COMP_1715,8,1,2510.38,0,0.0,0.12
COMP_1097,7,1,2481.21,0,0.0,0.08
COMP_0947,7,1,2456.19,0,0.0,0.15
COMP_0351,7,1,2401.56,0,0.0,0.05
COMP_1115,9,1,2396.67,0,0.0,0.2
COMP_1547,7,1,2354.8,0,0.0,0.05
COMP_1305,8,1,2337.23,0,0.0,0.08
COMP_0749,8,1,2317.03,0,0.0,0.14
COMP_1679,9,1,2287.77,0,0.0,0.23
COMP_0161,7,1,2255.85,0,0.0,0.11
COMP_1151,7,1,2218.58,0,0.0,0.18
COMP_0969,10,1,2209.2,0,0.0,0.05
COMP_1607,9,1,2187.6,0,0.0,0.07
COMP_1023,7,1,2179.64,0,0.0,0.09
COMP_0689,9,1,2158.57,0,0.0,0.15
COMP_0477,8,1,2149.29,0,0.0,0.13
COMP_0707,7,1,2140.14,0,0.0,0.09
COMP_0599,8,1,2136.38,0,0.0,0.06
COMP_0949,8,1,2135.95,0,0.0,0.08
COMP_0183,10,1,2130.4,0,0.0,0.16
COMP_0369,7,1,2118.46,0,0.0,0.23
COMP_1075,7,1,2029.45,0,0.0,0.11
COMP_0943,8,1,2010.39,0,0.0,0.12
COMP_1717,7,1,1997.57,0,0.0,0.11
COMP_0829,9,1,1991.67,0,0.0,0.08
COMP_0523,8,1,1971.66,0,0.0,0.22
COMP_1211,9,1,1866.87,0,0.0,0.07
COMP_1061,8,1,1832.11,0,0.0,0.07
COMP_0907,7,1,1816.8,0,0.0,0.12
COMP_1583,8,1,1802.27,0,0.0,0.15
COMP_0743,8,1,1796.63,0,0.0,0.11
COMP_0619,9,1,1788.39,0,0.0,0.13
COMP_1709,8,1,1788.03,0,0.0,0.03
COMP_0573,9,1,1744.08,0,0.0,0.06
COMP_1543,10,1,1707.74,0,0.0,0.15
COMP_1289,7,1,1687.67,0,0.0,0.18
COMP_1133,7,1,1651.6,0,0.0,0.12
COMP_1533,9,1,1650.54,0,0.0,0.13
COMP_1183,8,1,1608.06,0,0.0,0.04
COMP_1213,7,1,1539.59,0,0.0,0.08
COMP_0795,7,1,1515.14,0,0.0,0.1
COMP_0967,7,1,1414.56,0,0.0,0.08
COMP_0747,9,1,1391.66,0,0.0,0.07
COMP_0479,8,1,1374.39,0,0.0,0.12
COMP_0905,8,1,1352.33,0,0.0,0.12
COMP_0763,8,1,1350.14,0,0.0,0.07
COMP_1131,8,1,1349.97,0,0.0,0.09
COMP_0371,8,1,1333.54,0,0.0,0.08
COMP_1129,8,1,1308.3,0,0.0,0.14
COMP_1355,9,1,1271.02,0,0.0,0.11
COMP_1421,8,1,1262.84,0,0.0,0.12
COMP_0673,9,1,1241.87,0,0.0,0.14
COMP_0801,8,1,1210.58,0,0.0,0.08
COMP_0439,9,1,1075.86,0,0.0,0.11
COMP_0615,8,1,1034.44,0,0.0,0.12
COMP_1189,8,1,997.49,0,0.0,0.08
COMP_1349,8,1,940.6,0,0.0,0.06
COMP_1507,7,1,850.49,0,0.0,0.08
COMP_0891,7,1,778.42,0,0.0,0.08
COMP_0003,7,1,714.39,0,0.0,0.07
COMP_0875,8,1,628.99,0,0.0,0.05
COMP_1383,8,1,580.83,0,0.0,0.05
COMP_0081,8,1,571.48,0,0.0,0.05
COMP_1103,7,1,498.3,0,0.0,0.06
COMP_0002,1,0,0.0,0,0.0,0.0
COMP_0004,1,0,0.0,0,0.0,0.0
COMP_0006,1,0,0.0,0,0.0,0.0
COMP_0008,1,0,0.0,0,0.0,0.0
COMP_0010,1,0,0.0,0,0.0,0.0
COMP_0012,1,0,0.0,0,0.0,0.0
COMP_0014,1,0,0.0,0,0.0,0.0
COMP_0016,1,0,0.0,0,0.0,0.0
COMP_0018,1,0,0.0,0,0.0,0.0
COMP_0020,1,0,0.0,0,0.0,0.0
COMP_0022,1,0,0.0,0,0.0,0.0
COMP_0024,1,0,0.0,0,0.0,0.0
COMP_0026,1,0,0.0,0,0.0,0.0
COMP_0028,1,0,0.0,0,0.0,0.0
COMP_0030,1,0,0.0,0,0.0,0.0
COMP_0032,1,0,0.0,0,0.0,0.0
COMP_0034,1,0,0.0,0,0.0,0.0
COMP_0036,1,0,0.0,0,0.0,0.0
COMP_0038,1,0,0.0,0,0.0,0.0
COMP_0040,1,0,0.0,0,0.0,0.0
COMP_0042,1,0,0.0,0,0.0,0.0
COMP_0044,1,0,0.0,0,0.0,0.0
COMP_0046,1,0,0.0,0,0.0,0.0
COMP_0048,1,0,0.0,0,0.0,0.0
COMP_0050,1,0,0.0,0,0.0,0.0
COMP_0052,1,0,0.0,0,0.0,0.0
COMP_0054,1,0,0.0,0,0.0,0.0
COMP_0056,1,0,0.0,0,0.0,0.0
COMP_0058,1,0,0.0,0,0.0,0.0
COMP_0060,1,0,0.0,0,0.0,0.0
COMP_0062,1,0,0.0,0,0.0,0.0
COMP_0064,1,0,0.0,0,0.0,0.0
COMP_0066,1,0,0.0,0,0.0,0.0
COMP_0068,1,0,0.0,0,0.0,0.0
COMP_0070,1,0,0.0,0,0.0,0.0
COMP_0072,1,0,0.0,0,0.0,0.0
COMP_0074,1,0,0.0,0,0.0,0.0
COMP_0076,1,0,0.0,0,0.0,0.0
COMP_0078,1,0,0.0,0,0.0,0.0
COMP_0080,1,0,0.0,0,0.0,0.0
COMP_0082,1,0,0.0,0,0.0,0.0
COMP_0084,1,0,0.0,0,0.0,0.0
COMP_0086,1,0,0.0,0,0.0,0.0
COMP_0088,1,0,0.0,0,0.0,0.0
COMP_0090,1,0,0.0,0,0.0,0.0
COMP_0092,1,0,0.0,0,0.0,0.0
COMP_0094,1,0,0.0,0,0.0,0.0
COMP_0096,1,0,0.0,0,0.0,0.0
COMP_0098,1,0,0.0,0,0.0,0.0
COMP_0100,1,0,0.0,0,0.0,0.0
COMP_0102,1,0,0.0,0,0.0,0.0
COMP_0104,1,0,0.0,0,0.0,0.0
COMP_0106,1,0,0.0,0,0.0,0.0
COMP_0108,1,0,0.0,0,0.0,0.0
COMP_0110,1,0,0.0,0,0.0,0.0
COMP_0112,1,0,0.0,0,0.0,0.0
COMP_0114,1,0,0.0,0,0.0,0.0
COMP_0116,1,0,0.0,0,0.0,0.0
COMP_0118,1,0,0.0,0,0.0,0.0
COMP_0120,1,0,0.0,0,0.0,0.0
COMP_0122,1,0,0.0,0,0.0,0.0
COMP_0124,1,0,0.0,0,0.0,0.0
COMP_0126,1,0,0.0,0,0.0,0.0
COMP_0128,1,0,0.0,0,0.0,0.0
COMP_0130,1,0,0.0,0,0.0,0.0
COMP_0132,1,0,0.0,0,0.0,0.0
COMP_0134,1,0,0.0,0,0.0,0.0
COMP_0136,1,0,0.0,0,0.0,0.0
COMP_0138,1,0,0.0,0,0.0,0.0
COMP_0140,1,0,0.0,0,0.0,0.0
COMP_0142,1,0,0.0,0,0.0,0.0
COMP_0144,1,0,0.0,0,0.0,0.0
COMP_0146,1,0,0.0,0,0.0,0.0
COMP_0148,1,0,0.0,0,0.0,0.0
COMP_0150,1,0,0.0,0,0.0,0.0
COMP_0152,1,0,0.0,0,0.0,0.0
COMP_0154,1,0,0.0,0,0.0,0.0
COMP_0156,1,0,0.0,0,0.0,0.0
COMP_0158,1,0,0.0,0,0.0,0.0
COMP_0160,1,0,0.0,0,0.0,0.0
COMP_0162,1,0,0.0,0,0.0,0.0
COMP_0164,1,0,0.0,0,0.0,0.0
COMP_0166,1,0,0.0,0,0.0,0.0
COMP_0168,1,0,0.0,0,0.0,0.0
COMP_0170,1,0,0.0,0,0.0,0.0
COMP_0172,1,0,0.0,0,0.0,0.0
COMP_0174,1,0,0.0,0,0.0,0.0
COMP_0176,1,0,0.0,0,0.0,0.0
COMP_0178,1,0,0.0,0,0.0,0.0
COMP_0180,1,0,0.0,0,0.0,0.0
COMP_0182,1,0,0.0,0,0.0,0.0
COMP_0184,1,0,0.0,0,0.0,0.0
COMP_0186,1,0,0.0,0,0.0,0.0
COMP_0188,1,0,0.0,0,0.0,0.0
COMP_0190,1,0,0.0,0,0.0,0.0
COMP_0192,1,0,0.0,0,0.0,0.0
COMP_0194,1,0,0.0,0,0.0,0.0
COMP_0196,1,0,0.0,0,0.0,0.0
COMP_0198,1,0,0.0,0,0.0,0.0
COMP_0200,1,0,0.0,0,0.0,0.0
COMP_0202,1,0,0.0,0,0.0,0.0
COMP_0204,1,0,0.0,0,0.0,0.0
COMP_0206,1,0,0.0,0,0.0,0.0
COMP_0208,1,0,0.0,0,0.0,0.0
COMP_0210,1,0,0.0,0,0.0,0.0
COMP_0212,1,0,0.0,0,0.0,0.0
COMP_0214,1,0,0.0,0,0.0,0.0
COMP_0216,1,0,0.0,0,0.0,0.0
COMP_0218,1,0,0.0,0,0.0,0.0
COMP_0220,1,0,0.0,0,0.0,0.0
COMP_0222,1,0,0.0,0,0.0,0.0
COMP_0224,1,0,0.0,0,0.0,0.0
COMP_0226,1,0,0.0,0,0.0,0.0
COMP_0228,1,0,0.0,0,0.0,0.0
COMP_0230,1,0,0.0,0,0.0,0.0
COMP_0232,1,0,0.0,0,0.0,0.0
COMP_0234,1,0,0.0,0,0.0,0.0
COMP_0236,1,0,0.0,0,0.0,0.0
COMP_0238,1,0,0.0,0,0.0,0.0
COMP_0240,1,0,0.0,0,0.0,0.0
COMP_0242,1,0,0.0,0,0.0,0.0
COMP_0244,1,0,0.0,0,0.0,0.0
COMP_0246,1,0,0.0,0,0.0,0.0
COMP_0248,1,0,0.0,0,0.0,0.0
COMP_0250,1,0,0.0,0,0.0,0.0
COMP_0252,1,0,0.0,0,0.0,0.0
COMP_0254,1,0,0.0,0,0.0,0.0
COMP_0256,1,0,0.0,0,0.0,0.0
COMP_0258,1,0,0.0,0,0.0,0.0
COMP_0260,1,0,0.0,0,0.0,0.0
COMP_0262,1,0,0.0,0,0.0,0.0
COMP_0264,1,0,0.0,0,0.0,0.0
COMP_0266,1,0,0.0,0,0.0,0.0
COMP_0268,1,0,0.0,0,0.0,0.0
COMP_0270,1,0,0.0,0,0.0,0.0
COMP_0272,1,0,0.0,0,0.0,0.0
COMP_0274,1,0,0.0,0,0.0,0.0
COMP_0276,1,0,0.0,0,0.0,0.0
COMP_0278,1,0,0.0,0,0.0,0.0
COMP_0280,1,0,0.0,0,0.0,0.0
COMP_0282,1,0,0.0,0,0.0,0.0
COMP_0284,1,0,0.0,0,0.0,0.0
COMP_0286,1,0,0.0,0,0.0,0.0
COMP_0288,1,0,0.0,0,0.0,0.0
COMP_0290,1,0,0.0,0,0.0,0.0
COMP_0292,1,0,0.0,0,0.0,0.0
COMP_0294,1,0,0.0,0,0.0,0.0
COMP_0296,1,0,0.0,0,0.0,0.0
COMP_0298,1,0,0.0,0,0.0,0.0
COMP_0300,1,0,0.0,0,0.0,0.0
COMP_0302,1,0,0.0,0,0.0,0.0
COMP_0304,1,0,0.0,0,0.0,0.0
COMP_0306,1,0,0.0,0,0.0,0.0
COMP_0308,1,0,0.0,0,0.0,0.0
COMP_0310,1,0,0.0,0,0.0,0.0
COMP_0312,1,0,0.0,0,0.0,0.0
COMP_0314,1,0,0.0,0,0.0,0.0
COMP_0316,1,0,0.0,0,0.0,0.0
COMP_0318,1,0,0.0,0,0.0,0.0
COMP_0320,1,0,0.0,0,0.0,0.0
COMP_0322,1,0,0.0,0,0.0,0.0
COMP_0324,1,0,0.0,0,0.0,0.0
COMP_0326,1,0,0.0,0,0.0,0.0
COMP_0328,1,0,0.0,0,0.0,0.0
COMP_0330,1,0,0.0,0,0.0,0.0
COMP_0332,1,0,0.0,0,0.0,0.0
COMP_0334,1,0,0.0,0,0.0,0.0
COMP_0336,1,0,0.0,0,0.0,0.0
COMP_0338,1,0,0.0,0,0.0,0.0
COMP_0340,1,0,0.0,0,0.0,0.0
COMP_0342,1,0,0.0,0,0.0,0.0
COMP_0344,1,0,0.0,0,0.0,0.0
COMP_0346,1,0,0.0,0,0.0,0.0
COMP_0348,1,0,0.0,0,0.0,0.0
COMP_0350,1,0,0.0,0,0.0,0.0
COMP_0352,1,0,0.0,0,0.0,0.0
COMP_0354,1,0,0.0,0,0.0,0.0
COMP_0356,1,0,0.0,0,0.0,0.0
COMP_0358,1,0,0.0,0,0.0,0.0
COMP_0360,1,0,0.0,0,0.0,0.0
COMP_0362,1,0,0.0,0,0.0,0.0
COMP_0364,1,0,0.0,0,0.0,0.0
COMP_0366,1,0,0.0,0,0.0,0.0
COMP_0368,1,0,0.0,0,0.0,0.0
COMP_0370,1,0,0.0,0,0.0,0.0
COMP_0372,1,0,0.0,0,0.0,0.0
COMP_0374,1,0,0.0,0,0.0,0.0
COMP_0376,1,0,0.0,0,0.0,0.0
COMP_0378,1,0,0.0,0,0.0,0.0
COMP_0380,1,0,0.0,0,0.0,0.0
COMP_0382,1,0,0.0,0,0.0,0.0
COMP_0384,1,0,0.0,0,0.0,0.0
COMP_0386,1,0,0.0,0,0.0,0.0
COMP_0388,1,0,0.0,0,0.0,0.0
COMP_0390,1,0,0.0,0,0.0,0.0
COMP_0392,1,0,0.0,0,0.0,0.0
COMP_0394,1,0,0.0,0,0.0,0.0
COMP_0396,1,0,0.0,0,0.0,0.0
COMP_0398,1,0,0.0,0,0.0,0.0
COMP_0400,1,0,0.0,0,0.0,0.0
COMP_0402,1,0,0.0,0,0.0,0.0
COMP_0404,1,0,0.0,0,0.0,0.0
COMP_0406,1,0,0.0,0,0.0,0.0
COMP_0408,1,0,0.0,0,0.0,0.0
COMP_0410,1,0,0.0,0,0.0,0.0
COMP_0412,1,0,0.0,0,0.0,0.0
COMP_0414,1,0,0.0,0,0.0,0.0
COMP_0416,1,0,0.0,0,0.0,0.0
COMP_0418,1,0,0.0,0,0.0,0.0
COMP_0420,1,0,0.0,0,0.0,0.0
COMP_0422,1,0,0.0,0,0.0,0.0
COMP_0424,1,0,0.0,0,0.0,0.0
COMP_0426,1,0,0.0,0,0.0,0.0
COMP_0428,1,0,0.0,0,0.0,0.0
COMP_0430,1,0,0.0,0,0.0,0.0
COMP_0432,1,0,0.0,0,0.0,0.0
COMP_0434,1,0,0.0,0,0.0,0.0
COMP_0436,1,0,0.0,0,0.0,0.0
COMP_0438,1,0,0.0,0,0.0,0.0
COMP_0440,1,0,0.0,0,0.0,0.0
COMP_0442,1,0,0.0,0,0.0,0.0
COMP_0444,1,0,0.0,0,0.0,0.0
COMP_0446,1,0,0.0,0,0.0,0.0
COMP_0448,1,0,0.0,0,0.0,0.0
COMP_0450,1,0,0.0,0,0.0,0.0
COMP_0452,1,0,0.0,0,0.0,0.0
COMP_0454,1,0,0.0,0,0.0,0.0
COMP_0456,1,0,0.0,0,0.0,0.0
COMP_0458,1,0,0.0,0,0.0,0.0
COMP_0460,1,0,0.0,0,0.0,0.0
COMP_0462,1,0,0.0,0,0.0,0.0
COMP_0464,1,0,0.0,0,0.0,0.0
COMP_0466,1,0,0.0,0,0.0,0.0
COMP_0468,1,0,0.0,0,0.0,0.0
COMP_0470,1,0,0.0,0,0.0,0.0
COMP_0472,1,0,0.0,0,0.0,0.0
COMP_0474,1,0,0.0,0,0.0,0.0
COMP_0476,1,0,0.0,0,0.0,0.0
COMP_0478,1,0,0.0,0,0.0,0.0
COMP_0480,1,0,0.0,0,0.0,0.0
COMP_0482,1,0,0.0,0,0.0,0.0
COMP_0484,1,0,0.0,0,0.0,0.0
COMP_0486,1,0,0.0,0,0.0,0.0
COMP_0488,1,0,0.0,0,0.0,0.0
COMP_0490,1,0,0.0,0,0.0,0.0
COMP_0492,1,0,0.0,0,0.0,0.0
COMP_0494,1,0,0.0,0,0.0,0.0
COMP_0496,1,0,0.0,0,0.0,0.0
COMP_0498,1,0,0.0,0,0.0,0.0
COMP_0500,1,0,0.0,0,0.0,0.0
COMP_0502,1,0,0.0,0,0.0,0.0
COMP_0504,1,0,0.0,0,0.0,0.0
COMP_0506,1,0,0.0,0,0.0,0.0
COMP_0508,1,0,0.0,0,0.0,0.0
COMP_0510,1,0,0.0,0,0.0,0.0
COMP_0512,1,0,0.0,0,0.0,0.0
COMP_0514,1,0,0.0,0,0.0,0.0
COMP_0516,1,0,0.0,0,0.0,0.0
COMP_0518,1,0,0.0,0,0.0,0.0
COMP_0520,1,0,0.0,0,0.0,0.0
COMP_0522,1,0,0.0,0,0.0,0.0
COMP_0524,1,0,0.0,0,0.0,0.0
COMP_0526,1,0,0.0,0,0.0,0.0
COMP_0528,1,0,0.0,0,0.0,0.0
COMP_0530,1,0,0.0,0,0.0,0.0
COMP_0532,1,0,0.0,0,0.0,0.0
COMP_0534,1,0,0.0,0,0.0,0.0
COMP_0536,1,0,0.0,0,0.0,0.0
COMP_0538,1,0,0.0,0,0.0,0.0
COMP_0540,1,0,0.0,0,0.0,0.0
COMP_0542,1,0,0.0,0,0.0,0.0
COMP_0544,1,0,0.0,0,0.0,0.0
COMP_0546,1,0,0.0,0,0.0,0.0
COMP_0548,1,0,0.0,0,0.0,0.0
COMP_0550,1,0,0.0,0,0.0,0.0
COMP_0552,1,0,0.0,0,0.0,0.0
COMP_0554,1,0,0.0,0,0.0,0.0
COMP_0556,1,0,0.0,0,0.0,0.0
COMP_0558,1,0,0.0,0,0.0,0.0
COMP_0560,1,0,0.0,0,0.0,0.0
COMP_0562,1,0,0.0,0,0.0,0.0
COMP_0564,1,0,0.0,0,0.0,0.0
COMP_0566,1,0,0.0,0,0.0,0.0
COMP_0568,1,0,0.0,0,0.0,0.0
COMP_0570,1,0,0.0,0,0.0,0.0
COMP_0572,1,0,0.0,0,0.0,0.0
COMP_0574,1,0,0.0,0,0.0,0.0
COMP_0576,1,0,0.0,0,0.0,0.0
COMP_0578,1,0,0.0,0,0.0,0.0
COMP_0580,1,0,0.0,0,0.0,0.0
COMP_0582,1,0,0.0,0,0.0,0.0
COMP_0584,1,0,0.0,0,0.0,0.0
COMP_0586,1,0,0.0,0,0.0,0.0
COMP_0588,1,0,0.0,0,0.0,0.0
COMP_0590,1,0,0.0,0,0.0,0.0
COMP_0592,1,0,0.0,0,0.0,0.0
COMP_0594,1,0,0.0,0,0.0,0.0
COMP_0596,1,0,0.0,0,0.0,0.0
COMP_0598,1,0,0.0,0,0.0,0.0
COMP_0600,1,0,0.0,0,0.0,0.0
COMP_0602,1,0,0.0,0,0.0,0.0
COMP_0604,1,0,0.0,0,0.0,0.0
COMP_0606,1,0,0.0,0,0.0,0.0
COMP_0608,1,0,0.0,0,0.0,0.0
COMP_0610,1,0,0.0,0,0.0,0.0
COMP_0612,1,0,0.0,0,0.0,0.0
COMP_0614,1,0,0.0,0,0.0,0.0
COMP_0616,1,0,0.0,0,0.0,0.0
COMP_0618,1,0,0.0,0,0.0,0.0
COMP_0620,1,0,0.0,0,0.0,0.0
COMP_0622,1,0,0.0,0,0.0,0.0
COMP_0624,1,0,0.0,0,0.0,0.0
COMP_0626,1,0,0.0,0,0.0,0.0
COMP_0628,1,0,0.0,0,0.0,0.0
COMP_0630,1,0,0.0,0,0.0,0.0
COMP_0632,1,0,0.0,0,0.0,0.0
COMP_0634,1,0,0.0,0,0.0,0.0
COMP_0636,1,0,0.0,0,0.0,0.0
COMP_0638,1,0,0.0,0,0.0,0.0
COMP_0640,1,0,0.0,0,0.0,0.0
COMP_0642,1,0,0.0,0,0.0,0.0
COMP_0644,1,0,0.0,0,0.0,0.0
COMP_0646,1,0,0.0,0,0.0,0.0
COMP_0648,1,0,0.0,0,0.0,0.0
COMP_0650,1,0,0.0,0,0.0,0.0
COMP_0652,1,0,0.0,0,0.0,0.0
COMP_0654,1,0,0.0,0,0.0,0.0
COMP_0656,1,0,0.0,0,0.0,0.0
COMP_0658,1,0,0.0,0,0.0,0.0
COMP_0660,1,0,0.0,0,0.0,0.0
COMP_0662,1,0,0.0,0,0.0,0.0
COMP_0664,1,0,0.0,0,0.0,0.0
COMP_0666,1,0,0.0,0,0.0,0.0
COMP_0668,1,0,0.0,0,0.0,0.0
COMP_0670,1,0,0.0,0,0.0,0.0
COMP_0672,1,0,0.0,0,0.0,0.0
COMP_0674,1,0,0.0,0,0.0,0.0
COMP_0676,1,0,0.0,0,0.0,0.0
COMP_0678,1,0,0.0,0,0.0,0.0
COMP_0680,1,0,0.0,0,0.0,0.0
COMP_0682,1,0,0.0,0,0.0,0.0
COMP_0684,1,0,0.0,0,0.0,0.0
COMP_0686,1,0,0.0,0,0.0,0.0
COMP_0688,1,0,0.0,0,0.0,0.0
COMP_0690,1,0,0.0,0,0.0,0.0
COMP_0692,1,0,0.0,0,0.0,0.0
COMP_0694,1,0,0.0,0,0.0,0.0
COMP_0696,1,0,0.0,0,0.0,0.0
COMP_0698,1,0,0.0,0,0.0,0.0
COMP_0700,1,0,0.0,0,0.0,0.0
COMP_0702,1,0,0.0,0,0.0,0.0
COMP_0704,1,0,0.0,0,0.0,0.0
COMP_0706,1,0,0.0,0,0.0,0.0
COMP_0708,1,0,0.0,0,0.0,0.0
COMP_0710,1,0,0.0,0,0.0,0.0
COMP_0712,1,0,0.0,0,0.0,0.0
COMP_0714,1,0,0.0,0,0.0,0.0
COMP_0716,1,0,0.0,0,0.0,0.0
COMP_0718,1,0,0.0,0,0.0,0.0
COMP_0720,1,0,0.0,0,0.0,0.0
COMP_0722,1,0,0.0,0,0.0,0.0
COMP_0724,1,0,0.0,0,0.0,0.0
COMP_0726,1,0,0.0,0,0.0,0.0
COMP_0728,1,0,0.0,0,0.0,0.0
COMP_0730,1,0,0.0,0,0.0,0.0
COMP_0732,1,0,0.0,0,0.0,0.0
COMP_0734,1,0,0.0,0,0.0,0.0
COMP_0736,1,0,0.0,0,0.0,0.0
COMP_0738,1,0,0.0,0,0.0,0.0
COMP_0740,1,0,0.0,0,0.0,0.0
COMP_0742,1,0,0.0,0,0.0,0.0
COMP_0744,1,0,0.0,0,0.0,0.0
COMP_0746,1,0,0.0,0,0.0,0.0
COMP_0748,1,0,0.0,0,0.0,0.0
COMP_0750,1,0,0.0,0,0.0,0.0
COMP_0752,1,0,0.0,0,0.0,0.0
COMP_0754,1,0,0.0,0,0.0,0.0
COMP_0756,1,0,0.0,0,0.0,0.0
COMP_0758,1,0,0.0,0,0.0,0.0
COMP_0760,1,0,0.0,0,0.0,0.0
COMP_0762,1,0,0.0,0,0.0,0.0
COMP_0764,1,0,0.0,0,0.0,0.0
COMP_0766,1,0,0.0,0,0.0,0.0
COMP_0768,1,0,0.0,0,0.0,0.0
COMP_0770,1,0,0.0,0,0.0,0.0
COMP_0772,1,0,0.0,0,0.0,0.0
COMP_0774,1,0,0.0,0,0.0,0.0
COMP_0776,1,0,0.0,0,0.0,0.0
COMP_0778,1,0,0.0,0,0.0,0.0
COMP_0780,1,0,0.0,0,0.0,0.0
COMP_0782,1,0,0.0,0,0.0,0.0
COMP_0784,1,0,0.0,0,0.0,0.0
COMP_0786,1,0,0.0,0,0.0,0.0
COMP_0788,1,0,0.0,0,0.0,0.0
COMP_0790,1,0,0.0,0,0.0,0.0
COMP_0792,1,0,0.0,0,0.0,0.0
COMP_0794,1,0,0.0,0,0.0,0.0
COMP_0796,1,0,0.0,0,0.0,0.0
COMP_0798,1,0,0.0,0,0.0,0.0
COMP_0800,1,0,0.0,0,0.0,0.0
COMP_0802,1,0,0.0,0,0.0,0.0
COMP_0804,1,0,0.0,0,0.0,0.0
COMP_0806,1,0,0.0,0,0.0,0.0
COMP_0808,1,0,0.0,0,0.0,0.0
COMP_0810,1,0,0.0,0,0.0,0.0
COMP_0812,1,0,0.0,0,0.0,0.0
COMP_0814,1,0,0.0,0,0.0,0.0
COMP_0816,1,0,0.0,0,0.0,0.0
COMP_0818,1,0,0.0,0,0.0,0.0
COMP_0820,1,0,0.0,0,0.0,0.0
COMP_0822,1,0,0.0,0,0.0,0.0
COMP_0824,1,0,0.0,0,0.0,0.0
COMP_0826,1,0,0.0,0,0.0,0.0
COMP_0828,1,0,0.0,0,0.0,0.0
COMP_0830,1,0,0.0,0,0.0,0.0
COMP_0832,1,0,0.0,0,0.0,0.0
COMP_0834,1,0,0.0,0,0.0,0.0
COMP_0836,1,0,0.0,0,0.0,0.0
COMP_0838,1,0,0.0,0,0.0,0.0
COMP_0840,1,0,0.0,0,0.0,0.0
COMP_0842,1,0,0.0,0,0.0,0.0
COMP_0844,1,0,0.0,0,0.0,0.0
COMP_0846,1,0,0.0,0,0.0,0.0
COMP_0848,1,0,0.0,0,0.0,0.0
COMP_0850,1,0,0.0,0,0.0,0.0
COMP_0852,1,0,0.0,0,0.0,0.0
COMP_0854,1,0,0.0,0,0.0,0.0
COMP_0856,1,0,0.0,0,0.0,0.0
COMP_0858,1,0,0.0,0,0.0,0.0
COMP_0860,1,0,0.0,0,0.0,0.0
COMP_0862,1,0,0.0,0,0.0,0.0
COMP_0864,1,0,0.0,0,0.0,0.0
COMP_0866,1,0,0.0,0,0.0,0.0
COMP_0868,1,0,0.0,0,0.0,0.0
COMP_0870,1,0,0.0,0,0.0,0.0
COMP_0872,1,0,0.0,0,0.0,0.0
COMP_0874,1,0,0.0,0,0.0,0.0
COMP_0876,1,0,0.0,0,0.0,0.0
COMP_0878,1,0,0.0,0,0.0,0.0
COMP_0880,1,0,0.0,0,0.0,0.0
COMP_0882,1,0,0.0,0,0.0,0.0
COMP_0884,1,0,0.0,0,0.0,0.0
COMP_0886,1,0,0.0,0,0.0,0.0
COMP_0888,1,0,0.0,0,0.0,0.0
COMP_0890,1,0,0.0,0,0.0,0.0
COMP_0892,1,0,0.0,0,0.0,0.0
COMP_0894,1,0,0.0,0,0.0,0.0
COMP_0896,1,0,0.0,0,0.0,0.0
COMP_0898,1,0,0.0,0,0.0,0.0
COMP_0900,1,0,0.0,0,0.0,0.0
COMP_0902,1,0,0.0,0,0.0,0.0
COMP_0904,1,0,0.0,0,0.0,0.0
COMP_0906,1,0,0.0,0,0.0,0.0
COMP_0908,1,0,0.0,0,0.0,0.0
COMP_0910,1,0,0.0,0,0.0,0.0
COMP_0912,1,0,0.0,0,0.0,0.0
COMP_0914,1,0,0.0,0,0.0,0.0
COMP_0916,1,0,0.0,0,0.0,0.0
COMP_0918,1,0,0.0,0,0.0,0.0
COMP_0920,1,0,0.0,0,0.0,0.0
COMP_0922,1,0,0.0,0,0.0,0.0
COMP_0924,1,0,0.0,0,0.0,0.0
COMP_0926,1,0,0.0,0,0.0,0.0
COMP_0928,1,0,0.0,0,0.0,0.0
COMP_0930,1,0,0.0,0,0.0,0.0
COMP_0932,1,0,0.0,0,0.0,0.0
COMP_0934,1,0,0.0,0,0.0,0.0
COMP_0936,1,0,0.0,0,0.0,0.0
COMP_0938,1,0,0.0,0,0.0,0.0
COMP_0940,1,0,0.0,0,0.0,0.0
COMP_0942,1,0,0.0,0,0.0,0.0
COMP_0944,1,0,0.0,0,0.0,0.0
COMP_0946,1,0,0.0,0,0.0,0.0
COMP_0948,1,0,0.0,0,0.0,0.0
COMP_0950,1,0,0.0,0,0.0,0.0
COMP_0952,1,0,0.0,0,0.0,0.0
COMP_0954,1,0,0.0,0,0.0,0.0
COMP_0956,1,0,0.0,0,0.0,0.0
COMP_0958,1,0,0.0,0,0.0,0.0
COMP_0960,1,0,0.0,0,0.0,0.0
COMP_0962,1,0,0.0,0,0.0,0.0
COMP_0964,1,0,0.0,0,0.0,0.0
COMP_0966,1,0,0.0,0,0.0,0.0
COMP_0968,1,0,0.0,0,0.0,0.0
COMP_0970,1,0,0.0,0,0.0,0.0
COMP_0972,1,0,0.0,0,0.0,0.0
COMP_0974,1,0,0.0,0,0.0,0.0
COMP_0976,1,0,0.0,0,0.0,0.0
COMP_0978,1,0,0.0,0,0.0,0.0
COMP_0980,1,0,0.0,0,0.0,0.0
COMP_0982,1,0,0.0,0,0.0,0.0
COMP_0984,1,0,0.0,0,0.0,0.0
COMP_0986,1,0,0.0,0,0.0,0.0
COMP_0988,1,0,0.0,0,0.0,0.0
COMP_0990,1,0,0.0,0,0.0,0.0
COMP_0992,1,0,0.0,0,0.0,0.0
COMP_0994,1,0,0.0,0,0.0,0.0
COMP_0996,1,0,0.0,0,0.0,0.0
COMP_0998,1,0,0.0,0,0.0,0.0
COMP_1000,1,0,0.0,0,0.0,0.0
COMP_1002,1,0,0.0,0,0.0,0.0
COMP_1004,1,0,0.0,0,0.0,0.0
COMP_1006,1,0,0.0,0,0.0,0.0
COMP_1008,1,0,0.0,0,0.0,0.0
COMP_1010,1,0,0.0,0,0.0,0.0
COMP_1012,1,0,0.0,0,0.0,0.0
COMP_1014,1,0,0.0,0,0.0,0.0
COMP_1016,1,0,0.0,0,0.0,0.0
COMP_1018,1,0,0.0,0,0.0,0.0
COMP_1020,1,0,0.0,0,0.0,0.0
COMP_1022,1,0,0.0,0,0.0,0.0
COMP_1024,1,0,0.0,0,0.0,0.0
COMP_1026,1,0,0.0,0,0.0,0.0
COMP_1028,1,0,0.0,0,0.0,0.0
COMP_1030,1,0,0.0,0,0.0,0.0
COMP_1032,1,0,0.0,0,0.0,0.0
COMP_1034,1,0,0.0,0,0.0,0.0
COMP_1036,1,0,0.0,0,0.0,0.0
COMP_1038,1,0,0.0,0,0.0,0.0
COMP_1040,1,0,0.0,0,0.0,0.0
COMP_1042,1,0,0.0,0,0.0,0.0
COMP_1044,1,0,0.0,0,0.0,0.0
COMP_1046,1,0,0.0,0,0.0,0.0
COMP_1048,1,0,0.0,0,0.0,0.0
COMP_1050,1,0,0.0,0,0.0,0.0
COMP_1052,1,0,0.0,0,0.0,0.0
COMP_1054,1,0,0.0,0,0.0,0.0
COMP_1056,1,0,0.0,0,0.0,0.0
COMP_1058,1,0,0.0,0,0.0,0.0
COMP_1060,1,0,0.0,0,0.0,0.0
COMP_1062,1,0,0.0,0,0.0,0.0
COMP_1064,1,0,0.0,0,0.0,0.0
COMP_1066,1,0,0.0,0,0.0,0.0
COMP_1068,1,0,0.0,0,0.0,0.0
COMP_1070,1,0,0.0,0,0.0,0.0
COMP_1072,1,0,0.0,0,0.0,0.0
COMP_1074,1,0,0.0,0,0.0,0.0
COMP_1076,1,0,0.0,0,0.0,0.0
COMP_1078,1,0,0.0,0,0.0,0.0
COMP_1080,1,0,0.0,0,0.0,0.0
COMP_1082,1,0,0.0,0,0.0,0.0
COMP_1084,1,0,0.0,0,0.0,0.0
COMP_1086,1,0,0.0,0,0.0,0.0
COMP_1088,1,0,0.0,0,0.0,0.0
COMP_1090,1,0,0.0,0,0.0,0.0
COMP_1092,1,0,0.0,0,0.0,0.0
COMP_1094,1,0,0.0,0,0.0,0.0
COMP_1096,1,0,0.0,0,0.0,0.0
COMP_1098,1,0,0.0,0,0.0,0.0
COMP_1100,1,0,0.0,0,0.0,0.0
COMP_1102,1,0,0.0,0,0.0,0.0
COMP_1104,1,0,0.0,0,0.0,0.0
COMP_1106,1,0,0.0,0,0.0,0.0
COMP_1108,1,0,0.0,0,0.0,0.0
COMP_1110,1,0,0.0,0,0.0,0.0
COMP_1112,1,0,0.0,0,0.0,0.0
COMP_1114,1,0,0.0,0,0.0,0.0
COMP_1116,1,0,0.0,0,0.0,0.0
COMP_1118,1,0,0.0,0,0.0,0.0
COMP_1120,1,0,0.0,0,0.0,0.0
COMP_1122,1,0,0.0,0,0.0,0.0
COMP_1124,1,0,0.0,0,0.0,0.0
COMP_1126,1,0,0.0,0,0.0,0.0
COMP_1128,1,0,0.0,0,0.0,0.0
COMP_1130,1,0,0.0,0,0.0,0.0
COMP_1132,1,0,0.0,0,0.0,0.0
COMP_1134,1,0,0.0,0,0.0,0.0
COMP_1136,1,0,0.0,0,0.0,0.0
COMP_1138,1,0,0.0,0,0.0,0.0
COMP_1140,1,0,0.0,0,0.0,0.0
COMP_1142,1,0,0.0,0,0.0,0.0
COMP_1144,1,0,0.0,0,0.0,0.0
COMP_1146,1,0,0.0,0,0.0,0.0
COMP_1148,1,0,0.0,0,0.0,0.0
COMP_1150,1,0,0.0,0,0.0,0.0
COMP_1152,1,0,0.0,0,0.0,0.0
COMP_1154,1,0,0.0,0,0.0,0.0
COMP_1156,1,0,0.0,0,0.0,0.0
COMP_1158,1,0,0.0,0,0.0,0.0
COMP_1160,1,0,0.0,0,0.0,0.0
COMP_1162,1,0,0.0,0,0.0,0.0
COMP_1164,1,0,0.0,0,0.0,0.0
COMP_1166,1,0,0.0,0,0.0,0.0
COMP_1168,1,0,0.0,0,0.0,0.0
COMP_1170,1,0,0.0,0,0.0,0.0
COMP_1172,1,0,0.0,0,0.0,0.0
COMP_1174,1,0,0.0,0,0.0,0.0
COMP_1176,1,0,0.0,0,0.0,0.0
COMP_1178,1,0,0.0,0,0.0,0.0
COMP_1180,1,0,0.0,0,0.0,0.0
COMP_1182,1,0,0.0,0,0.0,0.0
COMP_1184,1,0,0.0,0,0.0,0.0
COMP_1186,1,0,0.0,0,0.0,0.0
COMP_1188,1,0,0.0,0,0.0,0.0
COMP_1190,1,0,0.0,0,0.0,0.0
COMP_1192,1,0,0.0,0,0.0,0.0
COMP_1194,1,0,0.0,0,0.0,0.0
COMP_1196,1,0,0.0,0,0.0,0.0
COMP_1198,1,0,0.0,0,0.0,0.0
COMP_1200,1,0,0.0,0,0.0,0.0
COMP_1202,1,0,0.0,0,0.0,0.0
COMP_1204,1,0,0.0,0,0.0,0.0
COMP_1206,1,0,0.0,0,0.0,0.0
COMP_1208,1,0,0.0,0,0.0,0.0
COMP_1210,1,0,0.0,0,0.0,0.0
COMP_1212,1,0,0.0,0,0.0,0.0
COMP_1214,1,0,0.0,0,0.0,0.0
COMP_1216,1,0,0.0,0,0.0,0.0
COMP_1218,1,0,0.0,0,0.0,0.0
COMP_1220,1,0,0.0,0,0.0,0.0
COMP_1222,1,0,0.0,0,0.0,0.0
COMP_1224,1,0,0.0,0,0.0,0.0
COMP_1226,1,0,0.0,0,0.0,0.0
COMP_1228,1,0,0.0,0,0.0,0.0
COMP_1230,1,0,0.0,0,0.0,0.0
COMP_1232,1,0,0.0,0,0.0,0.0
COMP_1234,1,0,0.0,0,0.0,0.0
COMP_1236,1,0,0.0,0,0.0,0.0
COMP_1238,1,0,0.0,0,0.0,0.0
COMP_1240,1,0,0.0,0,0.0,0.0
COMP_1242,1,0,0.0,0,0.0,0.0
COMP_1244,1,0,0.0,0,0.0,0.0
COMP_1246,1,0,0.0,0,0.0,0.0
COMP_1248,1,0,0.0,0,0.0,0.0
COMP_1250,1,0,0.0,0,0.0,0.0
COMP_1252,1,0,0.0,0,0.0,0.0
COMP_1254,1,0,0.0,0,0.0,0.0
COMP_1256,1,0,0.0,0,0.0,0.0
COMP_1258,1,0,0.0,0,0.0,0.0
COMP_1260,1,0,0.0,0,0.0,0.0
COMP_1262,1,0,0.0,0,0.0,0.0
COMP_1264,1,0,0.0,0,0.0,0.0
COMP_1266,1,0,0.0,0,0.0,0.0
COMP_1268,1,0,0.0,0,0.0,0.0
COMP_1270,1,0,0.0,0,0.0,0.0
COMP_1272,1,0,0.0,0,0.0,0.0
COMP_1274,1,0,0.0,0,0.0,0.0
COMP_1276,1,0,0.0,0,0.0,0.0
COMP_1278,1,0,0.0,0,0.0,0.0
COMP_1280,1,0,0.0,0,0.0,0.0
COMP_1282,1,0,0.0,0,0.0,0.0
COMP_1284,1,0,0.0,0,0.0,0.0
COMP_1286,1,0,0.0,0,0.0,0.0
COMP_1288,1,0,0.0,0,0.0,0.0
COMP_1290,1,0,0.0,0,0.0,0.0
COMP_1292,1,0,0.0,0,0.0,0.0
COMP_1294,1,0,0.0,0,0.0,0.0
COMP_1296,1,0,0.0,0,0.0,0.0
COMP_1298,1,0,0.0,0,0.0,0.0
COMP_1300,1,0,0.0,0,0.0,0.0
COMP_1302,1,0,0.0,0,0.0,0.0
COMP_1304,1,0,0.0,0,0.0,0.0
COMP_1306,1,0,0.0,0,0.0,0.0
COMP_1308,1,0,0.0,0,0.0,0.0
COMP_1310,1,0,0.0,0,0.0,0.0
COMP_1312,1,0,0.0,0,0.0,0.0
COMP_1314,1,0,0.0,0,0.0,0.0
COMP_1316,1,0,0.0,0,0.0,0.0
COMP_1318,1,0,0.0,0,0.0,0.0
COMP_1320,1,0,0.0,0,0.0,0.0
COMP_1322,1,0,0.0,0,0.0,0.0
COMP_1324,1,0,0.0,0,0.0,0.0
COMP_1326,1,0,0.0,0,0.0,0.0
COMP_1328,1,0,0.0,0,0.0,0.0
COMP_1330,1,0,0.0,0,0.0,0.0
COMP_1332,1,0,0.0,0,0.0,0.0
COMP_1334,1,0,0.0,0,0.0,0.0
COMP_1336,1,0,0.0,0,0.0,0.0
COMP_1338,1,0,0.0,0,0.0,0.0
COMP_1340,1,0,0.0,0,0.0,0.0
COMP_1342,1,0,0.0,0,0.0,0.0
COMP_1344,1,0,0.0,0,0.0,0.0
COMP_1346,1,0,0.0,0,0.0,0.0
COMP_1348,1,0,0.0,0,0.0,0.0
COMP_1350,1,0,0.0,0,0.0,0.0
COMP_1352,1,0,0.0,0,0.0,0.0
COMP_1354,1,0,0.0,0,0.0,0.0
COMP_1356,1,0,0.0,0,0.0,0.0
COMP_1358,1,0,0.0,0,0.0,0.0
COMP_1360,1,0,0.0,0,0.0,0.0
COMP_1362,1,0,0.0,0,0.0,0.0
COMP_1364,1,0,0.0,0,0.0,0.0
COMP_1366,1,0,0.0,0,0.0,0.0
COMP_1368,1,0,0.0,0,0.0,0.0
COMP_1370,1,0,0.0,0,0.0,0.0
COMP_1372,1,0,0.0,0,0.0,0.0
COMP_1374,1,0,0.0,0,0.0,0.0
COMP_1376,1,0,0.0,0,0.0,0.0
COMP_1378,1,0,0.0,0,0.0,0.0
COMP_1380,1,0,0.0,0,0.0,0.0
COMP_1382,1,0,0.0,0,0.0,0.0
COMP_1384,1,0,0.0,0,0.0,0.0
COMP_1386,1,0,0.0,0,0.0,0.0
COMP_1388,1,0,0.0,0,0.0,0.0
COMP_1390,1,0,0.0,0,0.0,0.0
COMP_1392,1,0,0.0,0,0.0,0.0
COMP_1394,1,0,0.0,0,0.0,0.0
COMP_1396,1,0,0.0,0,0.0,0.0
COMP_1398,1,0,0.0,0,0.0,0.0
COMP_1400,1,0,0.0,0,0.0,0.0
COMP_1402,1,0,0.0,0,0.0,0.0
COMP_1404,1,0,0.0,0,0.0,0.0
COMP_1406,1,0,0.0,0,0.0,0.0
COMP_1408,1,0,0.0,0,0.0,0.0
COMP_1410,1,0,0.0,0,0.0,0.0
COMP_1412,1,0,0.0,0,0.0,0.0
COMP_1414,1,0,0.0,0,0.0,0.0
COMP_1416,1,0,0.0,0,0.0,0.0
COMP_1418,1,0,0.0,0,0.0,0.0
COMP_1420,1,0,0.0,0,0.0,0.0
COMP_1422,1,0,0.0,0,0.0,0.0
COMP_1424,1,0,0.0,0,0.0,0.0
COMP_1426,1,0,0.0,0,0.0,0.0
COMP_1428,1,0,0.0,0,0.0,0.0
COMP_1430,1,0,0.0,0,0.0,0.0
COMP_1432,1,0,0.0,0,0.0,0.0
COMP_1434,1,0,0.0,0,0.0,0.0
COMP_1436,1,0,0.0,0,0.0,0.0
COMP_1438,1,0,0.0,0,0.0,0.0
COMP_1440,1,0,0.0,0,0.0,0.0
COMP_1442,1,0,0.0,0,0.0,0.0
COMP_1444,1,0,0.0,0,0.0,0.0
COMP_1446,1,0,0.0,0,0.0,0.0
COMP_1448,1,0,0.0,0,0.0,0.0
COMP_1450,1,0,0.0,0,0.0,0.0
COMP_1452,1,0,0.0,0,0.0,0.0
COMP_1454,1,0,0.0,0,0.0,0.0
COMP_1456,1,0,0.0,0,0.0,0.0
COMP_1458,1,0,0.0,0,0.0,0.0
COMP_1460,1,0,0.0,0,0.0,0.0
COMP_1462,1,0,0.0,0,0.0,0.0
COMP_1464,1,0,0.0,0,0.0,0.0
COMP_1466,1,0,0.0,0,0.0,0.0
COMP_1468,1,0,0.0,0,0.0,0.0
COMP_1470,1,0,0.0,0,0.0,0.0
COMP_1472,1,0,0.0,0,0.0,0.0
COMP_1474,1,0,0.0,0,0.0,0.0
COMP_1476,1,0,0.0,0,0.0,0.0
COMP_1478,1,0,0.0,0,0.0,0.0
COMP_1480,1,0,0.0,0,0.0,0.0
COMP_1482,1,0,0.0,0,0.0,0.0
COMP_1484,1,0,0.0,0,0.0,0.0
COMP_1486,1,0,0.0,0,0.0,0.0
COMP_1488,1,0,0.0,0,0.0,0.0
COMP_1490,1,0,0.0,0,0.0,0.0
COMP_1492,1,0,0.0,0,0.0,0.0
COMP_1494,1,0,0.0,0,0.0,0.0
COMP_1496,1,0,0.0,0,0.0,0.0
COMP_1498,1,0,0.0,0,0.0,0.0
COMP_1500,1,0,0.0,0,0.0,0.0
COMP_1502,1,0,0.0,0,0.0,0.0
COMP_1504,1,0,0.0,0,0.0,0.0
COMP_1506,1,0,0.0,0,0.0,0.0
COMP_1508,1,0,0.0,0,0.0,0.0
COMP_1510,1,0,0.0,0,0.0,0.0
COMP_1512,1,0,0.0,0,0.0,0.0
COMP_1514,1,0,0.0,0,0.0,0.0
COMP_1516,1,0,0.0,0,0.0,0.0
COMP_1518,1,0,0.0,0,0.0,0.0
COMP_1520,1,0,0.0,0,0.0,0.0
COMP_1522,1,0,0.0,0,0.0,0.0
COMP_1524,1,0,0.0,0,0.0,0.0
COMP_1526,1,0,0.0,0,0.0,0.0
COMP_1528,1,0,0.0,0,0.0,0.0
COMP_1530,1,0,0.0,0,0.0,0.0
COMP_1532,1,0,0.0,0,0.0,0.0
COMP_1534,1,0,0.0,0,0.0,0.0
COMP_1536,1,0,0.0,0,0.0,0.0
COMP_1538,1,0,0.0,0,0.0,0.0
COMP_1540,1,0,0.0,0,0.0,0.0
COMP_1542,1,0,0.0,0,0.0,0.0
COMP_1544,1,0,0.0,0,0.0,0.0
COMP_1546,1,0,0.0,0,0.0,0.0
COMP_1548,1,0,0.0,0,0.0,0.0
COMP_1550,1,0,0.0,0,0.0,0.0
COMP_1552,1,0,0.0,0,0.0,0.0
COMP_1554,1,0,0.0,0,0.0,0.0
COMP_1556,1,0,0.0,0,0.0,0.0
COMP_1558,1,0,0.0,0,0.0,0.0
COMP_1560,1,0,0.0,0,0.0,0.0
COMP_1562,1,0,0.0,0,0.0,0.0
COMP_1564,1,0,0.0,0,0.0,0.0
COMP_1566,1,0,0.0,0,0.0,0.0
COMP_1568,1,0,0.0,0,0.0,0.0
COMP_1570,1,0,0.0,0,0.0,0.0
COMP_1572,1,0,0.0,0,0.0,0.0
COMP_1574,1,0,0.0,0,0.0,0.0
COMP_1576,1,0,0.0,0,0.0,0.0
COMP_1578,1,0,0.0,0,0.0,0.0
COMP_1580,1,0,0.0,0,0.0,0.0
COMP_1582,1,0,0.0,0,0.0,0.0
COMP_1584,1,0,0.0,0,0.0,0.0
COMP_1586,1,0,0.0,0,0.0,0.0
COMP_1588,1,0,0.0,0,0.0,0.0
COMP_1590,1,0,0.0,0,0.0,0.0
COMP_1592,1,0,0.0,0,0.0,0.0
COMP_1594,1,0,0.0,0,0.0,0.0
COMP_1596,1,0,0.0,0,0.0,0.0
COMP_1598,1,0,0.0,0,0.0,0.0
COMP_1600,1,0,0.0,0,0.0,0.0
COMP_1602,1,0,0.0,0,0.0,0.0
COMP_1604,1,0,0.0,0,0.0,0.0
COMP_1606,1,0,0.0,0,0.0,0.0
COMP_1608,1,0,0.0,0,0.0,0.0
COMP_1610,1,0,0.0,0,0.0,0.0
COMP_1612,1,0,0.0,0,0.0,0.0
COMP_1614,1,0,0.0,0,0.0,0.0
COMP_1616,1,0,0.0,0,0.0,0.0
COMP_1618,1,0,0.0,0,0.0,0.0
COMP_1620,1,0,0.0,0,0.0,0.0
COMP_1622,1,0,0.0,0,0.0,0.0
COMP_1624,1,0,0.0,0,0.0,0.0
COMP_1626,1,0,0.0,0,0.0,0.0
COMP_1628,1,0,0.0,0,0.0,0.0
COMP_1630,1,0,0.0,0,0.0,0.0
COMP_1632,1,0,0.0,0,0.0,0.0
COMP_1634,1,0,0.0,0,0.0,0.0
COMP_1636,1,0,0.0,0,0.0,0.0
COMP_1638,1,0,0.0,0,0.0,0.0
COMP_1640,1,0,0.0,0,0.0,0.0
COMP_1642,1,0,0.0,0,0.0,0.0
COMP_1644,1,0,0.0,0,0.0,0.0
COMP_1646,1,0,0.0,0,0.0,0.0
COMP_1648,1,0,0.0,0,0.0,0.0
COMP_1650,1,0,0.0,0,0.0,0.0
COMP_1652,1,0,0.0,0,0.0,0.0
COMP_1654,1,0,0.0,0,0.0,0.0
COMP_1656,1,0,0.0,0,0.0,0.0
COMP_1658,1,0,0.0,0,0.0,0.0
COMP_1660,1,0,0.0,0,0.0,0.0
COMP_1662,1,0,0.0,0,0.0,0.0
COMP_1664,1,0,0.0,0,0.0,0.0
COMP_1666,1,0,0.0,0,0.0,0.0
COMP_1668,1,0,0.0,0,0.0,0.0
COMP_1670,1,0,0.0,0,0.0,0.0
COMP_1672,1,0,0.0,0,0.0,0.0
COMP_1674,1,0,0.0,0,0.0,0.0
COMP_1676,1,0,0.0,0,0.0,0.0
COMP_1678,1,0,0.0,0,0.0,0.0
COMP_1680,1,0,0.0,0,0.0,0.0
COMP_1682,1,0,0.0,0,0.0,0.0
COMP_1684,1,0,0.0,0,0.0,0.0
COMP_1686,1,0,0.0,0,0.0,0.0
COMP_1688,1,0,0.0,0,0.0,0.0
COMP_1690,1,0,0.0,0,0.0,0.0
COMP_1692,1,0,0.0,0,0.0,0.0
COMP_1694,1,0,0.0,0,0.0,0.0
COMP_1696,1,0,0.0,0,0.0,0.0
COMP_1698,1,0,0.0,0,0.0,0.0
COMP_1700,1,0,0.0,0,0.0,0.0
COMP_1702,1,0,0.0,0,0.0,0.0
COMP_1704,1,0,0.0,0,0.0,0.0
COMP_1706,1,0,0.0,0,0.0,0.0
COMP_1708,1,0,0.0,0,0.0,0.0
COMP_1710,1,0,0.0,0,0.0,0.0
COMP_1712,1,0,0.0,0,0.0,0.0
COMP_1714,1,0,0.0,0,0.0,0.0
COMP_1716,1,0,0.0,0,0.0,0.0
COMP_1718,1,0,0.0,0,0.0,0.0
COMP_1720,1,0,0.0,0,0.0,0.0
COMP_1722,1,0,0.0,0,0.0,0.0
COMP_1724,1,0,0.0,0,0.0,0.0
COMP_1726,1,0,0.0,0,0.0,0.0
COMP_1728,1,0,0.0,0,0.0,0.0
COMP_1730,1,0,0.0,0,0.0,0.0
COMP_1732,1,0,0.0,0,0.0,0.0
COMP_1734,1,0,0.0,0,0.0,0.0
COMP_1735,1,0,0.0,0,0.0,0.0
COMP_1736,1,0,0.0,0,0.0,0.0
COMP_1737,1,0,0.0,0,0.0,0.0
COMP_1738,1,0,0.0,0,0.0,0.0
COMP_1739,1,0,0.0,0,0.0,0.0
COMP_1740,1,0,0.0,0,0.0,0.0
COMP_1741,1,0,0.0,0,0.0,0.0
COMP_1742,1,0,0.0,0,0.0,0.0
COMP_1743,1,0,0.0,0,0.0,0.0
COMP_1744,1,0,0.0,0,0.0,0.0
COMP_1745,1,0,0.0,0,0.0,0.0
COMP_1746,1,0,0.0,0,0.0,0.0
COMP_1748,1,0,0.0,0,0.0,0.0
COMP_1749,1,0,0.0,0,0.0,0.0
COMP_1750,1,0,0.0,0,0.0,0.0
COMP_1751,1,0,0.0,0,0.0,0.0
COMP_1752,1,0,0.0,0,0.0,0.0
COMP_1753,1,0,0.0,0,0.0,0.0
COMP_1754,1,0,0.0,0,0.0,0.0
COMP_1755,1,0,0.0,0,0.0,0.0
COMP_1756,1,0,0.0,0,0.0,0.0
COMP_1757,1,0,0.0,0,0.0,0.0
COMP_1758,1,0,0.0,0,0.0,0.0
COMP_1759,1,0,0.0,0,0.0,0.0
COMP_1760,1,0,0.0,0,0.0,0.0
COMP_1761,1,0,0.0,0,0.0,0.0
COMP_1762,1,0,0.0,0,0.0,0.0
COMP_1763,1,0,0.0,0,0.0,0.0
COMP_1764,1,0,0.0,0,0.0,0.0
COMP_1765,1,0,0.0,0,0.0,0.0
COMP_1766,1,0,0.0,0,0.0,0.0
COMP_1767,1,0,0.0,0,0.0,0.0
COMP_1768,1,0,0.0,0,0.0,0.0
COMP_1769,1,0,0.0,0,0.0,0.0
COMP_1770,1,0,0.0,0,0.0,0.0
COMP_1771,1,0,0.0,0,0.0,0.0
COMP_1772,1,0,0.0,0,0.0,0.0
COMP_1773,1,0,0.0,0,0.0,0.0
COMP_1774,1,0,0.0,0,0.0,0.0
COMP_1775,1,0,0.0,0,0.0,0.0
COMP_1776,1,0,0.0,0,0.0,0.0
COMP_1777,1,0,0.0,0,0.0,0.0
COMP_1778,1,0,0.0,0,0.0,0.0
COMP_1779,1,0,0.0,0,0.0,0.0
COMP_1780,1,0,0.0,0,0.0,0.0
COMP_1781,1,0,0.0,0,0.0,0.0
COMP_1782,1,0,0.0,0,0.0,0.0
COMP_1783,1,0,0.0,0,0.0,0.0
COMP_1784,1,0,0.0,0,0.0,0.0
COMP_1785,1,0,0.0,0,0.0,0.0
COMP_1786,1,0,0.0,0,0.0,0.0
COMP_1787,1,0,0.0,0,0.0,0.0
COMP_1788,1,0,0.0,0,0.0,0.0
COMP_1789,1,0,0.0,0,0.0,0.0
COMP_1790,1,0,0.0,0,0.0,0.0
COMP_1791,1,0,0.0,0,0.0,0.0
COMP_1792,1,0,0.0,0,0.0,0.0
COMP_1793,1,0,0.0,0,0.0,0.0
COMP_1794,1,0,0.0,0,0.0,0.0
COMP_1795,1,0,0.0,0,0.0,0.0
COMP_1796,1,0,0.0,0,0.0,0.0
COMP_1797,1,0,0.0,0,0.0,0.0
COMP_1799,1,0,0.0,0,0.0,0.0
COMP_1800,1,0,0.0,0,0.0,0.0
COMP_1801,1,0,0.0,0,0.0,0.0
COMP_1802,1,0,0.0,0,0.0,0.0
COMP_1803,1,0,0.0,0,0.0,0.0
COMP_1804,1,0,0.0,0,0.0,0.0
COMP_1805,1,0,0.0,0,0.0,0.0
COMP_1806,1,0,0.0,0,0.0,0.0
COMP_1807,1,0,0.0,0,0.0,0.0
COMP_1808,1,0,0.0,0,0.0,0.0
COMP_1809,1,0,0.0,0,0.0,0.0
COMP_1810,1,0,0.0,0,0.0,0.0
COMP_1811,1,0,0.0,0,0.0,0.0
COMP_1812,1,0,0.0,0,0.0,0.0
COMP_1813,1,0,0.0,0,0.0,0.0
COMP_1814,1,0,0.0,0,0.0,0.0
COMP_1815,1,0,0.0,0,0.0,0.0
COMP_1816,1,0,0.0,0,0.0,0.0
COMP_1817,1,0,0.0,0,0.0,0.0
COMP_1818,1,0,0.0,0,0.0,0.0
COMP_1819,1,0,0.0,0,0.0,0.0
COMP_1820,1,0,0.0,0,0.0,0.0
COMP_1821,1,0,0.0,0,0.0,0.0
COMP_1822,1,0,0.0,0,0.0,0.0
COMP_1824,1,0,0.0,0,0.0,0.0
COMP_1825,1,0,0.0,0,0.0,0.0
COMP_1826,1,0,0.0,0,0.0,0.0
COMP_1827,1,0,0.0,0,0.0,0.0
COMP_1828,1,0,0.0,0,0.0,0.0
COMP_1829,1,0,0.0,0,0.0,0.0
COMP_1830,1,0,0.0,0,0.0,0.0
COMP_1831,1,0,0.0,0,0.0,0.0
COMP_1832,1,0,0.0,0,0.0,0.0
COMP_1833,1,0,0.0,0,0.0,0.0
COMP_1834,1,0,0.0,0,0.0,0.0
COMP_1835,1,0,0.0,0,0.0,0.0
COMP_1836,1,0,0.0,0,0.0,0.0
COMP_1837,1,0,0.0,0,0.0,0.0
COMP_1838,1,0,0.0,0,0.0,0.0
COMP_1839,1,0,0.0,0,0.0,0.0
COMP_1840,1,0,0.0,0,0.0,0.0
COMP_1841,1,0,0.0,0,0.0,0.0
COMP_1842,1,0,0.0,0,0.0,0.0
COMP_1843,1,0,0.0,0,0.0,0.0
COMP_1844,1,0,0.0,0,0.0,0.0
COMP_1845,1,0,0.0,0,0.0,0.0
COMP_1846,1,0,0.0,0,0.0,0.0
COMP_1847,1,0,0.0,0,0.0,0.0
COMP_1848,1,0,0.0,0,0.0,0.0
COMP_1849,1,0,0.0,0,0.0,0.0
COMP_1850,1,0,0.0,0,0.0,0.0
COMP_1851,1,0,0.0,0,0.0,0.0
COMP_1852,1,0,0.0,0,0.0,0.0
COMP_1853,1,0,0.0,0,0.0,0.0
COMP_1854,1,0,0.0,0,0.0,0.0
COMP_1855,1,0,0.0,0,0.0,0.0
COMP_1856,1,0,0.0,0,0.0,0.0
COMP_1857,1,0,0.0,0,0.0,0.0
COMP_1858,1,0,0.0,0,0.0,0.0
COMP_1859,1,0,0.0,0,0.0,0.0
COMP_1860,1,0,0.0,0,0.0,0.0
COMP_1861,1,0,0.0,0,0.0,0.0
COMP_1862,1,0,0.0,0,0.0,0.0
COMP_1863,1,0,0.0,0,0.0,0.0
COMP_1864,1,0,0.0,0,0.0,0.0
COMP_1866,1,0,0.0,0,0.0,0.0
COMP_1867,1,0,0.0,0,0.0,0.0
COMP_1868,1,0,0.0,0,0.0,0.0
COMP_1869,1,0,0.0,0,0.0,0.0
COMP_1870,1,0,0.0,0,0.0,0.0
COMP_1871,1,0,0.0,0,0.0,0.0
