component_id,node_count,claim_count,total_claim_amount,fraud_claim_count,fraud_rate,avg_claim_to_vehicle_ratio,risk_score,risk_tier
COMP_1823,131,41,1391057.0,39,0.9512195121951219,1.3353658536585367,136.21,Very High
COMP_1747,158,50,1430239.0,32,0.64,1.0474,119.02,Very High
COMP_1798,80,24,730078.0,19,0.7916666666666666,1.39875,86.59,High
COMP_1733,47,13,504266.0,13,1.0,1.5553846153846154,78.62,High
COMP_1865,26,6,148591.0,3,0.5,0.995,34.58,Medium
COMP_0293,8,1,36575.74,0,0.0,0.71,6.79,Worth Looking Into
COMP_0367,8,1,18550.35,0,0.0,0.69,6.3,Worth Looking Into
COMP_0585,9,1,5922.0,0,0.0,0.71,6.24,Worth Looking Into
COMP_1219,8,1,8110.1,0,0.0,0.7,6.2,Worth Looking Into
COMP_0513,9,1,8413.88,0,0.0,0.7,6.2,Worth Looking Into
COMP_0959,7,1,7738.42,0,0.0,0.7,6.19,Worth Looking Into
COMP_1503,10,1,26181.44,0,0.0,0.65,6.12,Worth Looking Into
COMP_1621,8,1,8495.36,0,0.0,0.68,6.04,Worth Looking Into
COMP_1495,8,1,7784.51,0,0.0,0.67,5.95,Worth Looking Into
COMP_1281,7,1,7162.06,0,0.0,0.66,5.86,Worth Looking Into
COMP_0667,7,1,5372.52,0,0.0,0.66,5.83,Worth Looking Into
COMP_0839,7,1,13451.48,0,0.0,0.64,5.81,Worth Looking Into
COMP_0555,7,1,8312.7,0,0.0,0.65,5.8,Worth Looking Into
COMP_0863,7,1,12219.88,0,0.0,0.64,5.79,Worth Looking Into
COMP_1545,9,1,12426.78,0,0.0,0.64,5.79,Worth Looking Into
COMP_0093,8,1,6859.75,0,0.0,0.65,5.77,Worth Looking Into
COMP_0281,8,1,23875.28,0,0.0,0.61,5.76,Worth Looking Into
COMP_0817,9,1,13480.08,0,0.0,0.62,5.65,Worth Looking Into
COMP_1703,7,1,9142.21,0,0.0,0.63,5.65,Worth Looking Into
COMP_1595,7,1,9642.02,0,0.0,0.62,5.58,Worth Looking Into
COMP_0247,9,1,17004.86,0,0.0,0.6,5.56,Worth Looking Into
COMP_0485,7,1,6380.66,0,0.0,0.61,5.44,Worth Looking Into
COMP_1685,7,1,23092.78,0,0.0,0.57,5.43,Worth Looking Into
COMP_0799,10,1,12705.26,0,0.0,0.59,5.4,Worth Looking Into
COMP_1457,7,1,7336.44,0,0.0,0.6,5.38,Worth Looking Into
COMP_0339,8,1,6886.71,0,0.0,0.6,5.37,Worth Looking Into
COMP_1687,8,1,9467.42,0,0.0,0.59,5.34,Worth Looking Into
COMP_1459,8,1,17323.16,0,0.0,0.57,5.32,Worth Looking Into
COMP_0923,8,1,22465.83,0,0.0,0.55,5.25,Worth Looking Into
COMP_0397,7,1,30034.69,0,0.0,0.53,5.23,Worth Looking Into
COMP_1719,7,1,20922.56,0,0.0,0.55,5.23,Worth Looking Into
COMP_1605,7,1,5014.6,0,0.0,0.58,5.18,Worth Looking Into
COMP_0077,9,1,8553.35,0,0.0,0.57,5.16,Worth Looking Into
COMP_0983,8,1,7289.75,0,0.0,0.57,5.14,Worth Looking Into
COMP_0419,9,1,6593.56,0,0.0,0.57,5.13,Worth Looking Into
COMP_1043,9,1,10576.67,0,0.0,0.56,5.12,Worth Looking Into
COMP_0001,8,1,5485.41,0,0.0,0.57,5.11,Worth Looking Into
COMP_1555,7,1,8634.6,0,0.0,0.56,5.09,Worth Looking Into
COMP_0519,9,1,9145.04,0,0.0,0.56,5.09,Worth Looking Into
COMP_1395,8,1,12897.77,0,0.0,0.55,5.08,Worth Looking Into
COMP_1069,8,1,5835.55,0,0.0,0.56,5.04,Worth Looking Into
COMP_0059,8,1,13804.57,0,0.0,0.54,5.02,Worth Looking Into
COMP_0089,7,1,12675.6,0,0.0,0.54,5.0,Low
COMP_0025,9,1,12163.03,0,0.0,0.54,4.99,Low
COMP_0007,7,1,9945.97,0,0.0,0.54,4.95,Low
COMP_0909,7,1,18923.51,0,0.0,0.52,4.95,Low
COMP_1599,8,1,9212.67,0,0.0,0.53,4.86,Low
COMP_0285,9,1,7617.62,0,0.0,0.53,4.83,Low
COMP_0431,8,1,6800.4,0,0.0,0.53,4.81,Low
COMP_0999,9,1,10333.93,0,0.0,0.52,4.8,Low
COMP_1695,8,1,6179.27,0,0.0,0.53,4.8,Low
COMP_1343,8,1,5779.25,0,0.0,0.53,4.79,Low
COMP_1177,8,1,5004.73,0,0.0,0.53,4.78,Low
COMP_1095,8,1,6874.69,0,0.0,0.52,4.73,Low
COMP_1475,8,1,23663.07,0,0.0,0.48,4.72,Low
COMP_0537,9,1,14901.86,0,0.0,0.5,4.72,Low
COMP_0239,9,1,13726.78,0,0.0,0.5,4.7,Low
COMP_0157,7,1,21640.09,0,0.0,0.48,4.68,Low
COMP_0261,9,1,11555.96,0,0.0,0.49,4.58,Low
COMP_0187,8,1,11335.6,0,0.0,0.49,4.57,Low
COMP_0903,7,1,6504.18,0,0.0,0.5,4.57,Low
COMP_1389,9,1,6399.68,0,0.0,0.5,4.57,Low
COMP_0395,8,1,14942.72,0,0.0,0.48,4.56,Low
COMP_0027,7,1,8813.65,0,0.0,0.49,4.53,Low
COMP_0657,8,1,8452.79,0,0.0,0.49,4.52,Low
COMP_0301,8,1,8455.33,0,0.0,0.49,4.52,Low
COMP_0357,7,1,12793.4,0,0.0,0.48,4.52,Low
COMP_1673,7,1,6034.6,0,0.0,0.49,4.48,Low
COMP_0087,8,1,10514.14,0,0.0,0.48,4.48,Low
COMP_1593,8,1,9742.78,0,0.0,0.48,4.47,Low
COMP_0687,10,1,14441.48,0,0.0,0.47,4.47,Low
COMP_1187,8,1,8672.69,0,0.0,0.48,4.45,Low
COMP_0373,8,1,4469.23,0,0.0,0.49,4.45,Low
COMP_0607,7,1,8223.8,0,0.0,0.48,4.44,Low
COMP_0349,9,1,12786.86,0,0.0,0.47,4.44,Low
COMP_0451,8,1,8220.2,0,0.0,0.48,4.44,Low
COMP_1109,8,1,7956.33,0,0.0,0.48,4.43,Low
COMP_0135,8,1,20825.03,0,0.0,0.45,4.42,Low
COMP_1193,8,1,10652.17,0,0.0,0.47,4.4,Low
COMP_0677,8,1,14905.72,0,0.0,0.46,4.4,Low
COMP_0229,8,1,4991.96,0,0.0,0.48,4.38,Low
COMP_0067,7,1,5127.75,0,0.0,0.48,4.38,Low
COMP_1265,7,1,8203.83,0,0.0,0.47,4.36,Low
COMP_1409,8,1,7236.66,0,0.0,0.47,4.34,Low
COMP_0559,8,1,18701.7,0,0.0,0.44,4.31,Low
COMP_1579,8,1,5805.24,0,0.0,0.47,4.31,Low
COMP_0065,7,1,5826.89,0,0.0,0.47,4.31,Low
COMP_0575,9,1,10612.84,0,0.0,0.45,4.24,Low
COMP_1159,7,1,23791.68,0,0.0,0.42,4.24,Low
COMP_1473,9,1,14102.62,0,0.0,0.44,4.22,Low
COMP_1117,8,1,13980.69,0,0.0,0.44,4.22,Low
COMP_0243,8,1,22187.9,0,0.0,0.42,4.21,Low
COMP_1647,7,1,4560.97,0,0.0,0.46,4.21,Low
COMP_1373,9,1,12859.94,0,0.0,0.44,4.2,Low
COMP_1067,7,1,16700.65,0,0.0,0.43,4.19,Low
COMP_0647,8,1,5981.01,0,0.0,0.45,4.16,Low
COMP_0631,9,1,5495.14,0,0.0,0.45,4.15,Low
COMP_0627,7,1,10232.16,0,0.0,0.44,4.15,Low
COMP_1387,8,1,8922.9,0,0.0,0.44,4.13,Low
COMP_1191,9,1,4535.31,0,0.0,0.45,4.13,Low
COMP_1011,7,1,7593.61,0,0.0,0.44,4.11,Low
COMP_0681,7,1,7296.31,0,0.0,0.44,4.1,Low
COMP_0913,8,1,5166.71,0,0.0,0.44,4.06,Low
COMP_0473,9,1,12818.66,0,0.0,0.42,4.04,Low
COMP_0705,7,1,7735.95,0,0.0,0.43,4.03,Low
COMP_1347,8,1,11042.36,0,0.0,0.42,4.01,Low
COMP_1701,7,1,10874.21,0,0.0,0.42,4.01,Low
COMP_1045,9,1,8842.41,0,0.0,0.42,3.97,Low
COMP_0841,9,1,15507.08,0,0.0,0.4,3.93,Low
COMP_0939,7,1,6301.84,0,0.0,0.42,3.92,Low
COMP_1029,7,1,9301.88,0,0.0,0.41,3.9,Low
COMP_0111,8,1,8974.12,0,0.0,0.41,3.89,Low
COMP_1453,8,1,7998.8,0,0.0,0.41,3.87,Low
COMP_0855,7,1,12033.19,0,0.0,0.4,3.87,Low
COMP_1165,8,1,11405.65,0,0.0,0.4,3.86,Low
COMP_0621,8,1,16356.62,0,0.0,0.39,3.86,Low
COMP_1665,7,1,11105.77,0,0.0,0.4,3.85,Low
COMP_1035,7,1,15173.31,0,0.0,0.39,3.84,Low
COMP_0495,10,1,14559.72,0,0.0,0.39,3.83,Low
COMP_1629,8,1,19049.35,0,0.0,0.38,3.83,Low
COMP_0945,8,1,18416.07,0,0.0,0.38,3.82,Low
COMP_0313,7,1,9236.24,0,0.0,0.4,3.82,Low
COMP_1521,7,1,4756.38,0,0.0,0.41,3.82,Low
COMP_0695,8,1,9389.24,0,0.0,0.4,3.82,Low
COMP_1501,7,1,8922.81,0,0.0,0.4,3.81,Low
COMP_0557,10,1,9023.23,0,0.0,0.4,3.81,Low
COMP_1511,7,1,13428.71,0,0.0,0.39,3.81,Low
COMP_0571,8,1,17283.39,0,0.0,0.38,3.8,Low
COMP_1195,9,1,12269.36,0,0.0,0.39,3.79,Low
COMP_0211,9,1,7215.43,0,0.0,0.4,3.78,Low
COMP_1323,9,1,11299.16,0,0.0,0.39,3.77,Low
COMP_1065,8,1,19668.09,0,0.0,0.37,3.76,Low
COMP_0143,9,1,14748.89,0,0.0,0.38,3.76,Low
COMP_1335,9,1,5446.98,0,0.0,0.4,3.75,Low
COMP_1633,7,1,4972.12,0,0.0,0.4,3.74,Low
COMP_0329,9,1,14093.39,0,0.0,0.38,3.74,Low
COMP_0151,7,1,5059.84,0,0.0,0.4,3.74,Low
COMP_0577,8,1,5262.89,0,0.0,0.4,3.74,Low
COMP_0715,8,1,4650.02,0,0.0,0.4,3.73,Low
COMP_0101,9,1,19342.83,0,0.0,0.36,3.68,Low
COMP_1553,7,1,10447.77,0,0.0,0.38,3.68,Low
COMP_0859,7,1,18503.84,0,0.0,0.36,3.66,Low
COMP_1161,8,1,9316.64,0,0.0,0.38,3.66,Low
COMP_0257,9,1,8863.53,0,0.0,0.38,3.65,Low
COMP_0253,7,1,8657.34,0,0.0,0.38,3.65,Low
COMP_0413,7,1,12051.2,0,0.0,0.37,3.63,Low
COMP_0197,8,1,7390.13,0,0.0,0.38,3.62,Low
COMP_1071,8,1,7355.94,0,0.0,0.38,3.62,Low
COMP_0471,8,1,11400.01,0,0.0,0.37,3.62,Low
COMP_0497,9,1,5917.35,0,0.0,0.38,3.6,Low
COMP_0927,8,1,14759.63,0,0.0,0.36,3.6,Low
COMP_0883,10,1,9988.79,0,0.0,0.37,3.59,Low
COMP_1293,8,1,5187.61,0,0.0,0.38,3.58,Low
COMP_0139,8,1,5068.96,0,0.0,0.38,3.58,Low
COMP_1009,7,1,13866.99,0,0.0,0.36,3.58,Low
COMP_0125,10,1,4983.45,0,0.0,0.38,3.58,Low
COMP_0805,8,1,5100.27,0,0.0,0.38,3.58,Low
COMP_0521,8,1,9020.44,0,0.0,0.37,3.57,Low
COMP_1691,7,1,4431.46,0,0.0,0.38,3.57,Low
COMP_1079,8,1,7642.14,0,0.0,0.37,3.55,Low
COMP_1163,8,1,7844.02,0,0.0,0.37,3.55,Low
COMP_1463,7,1,3513.27,0,0.0,0.38,3.55,Low
COMP_1617,8,1,11430.37,0,0.0,0.36,3.54,Low
COMP_0779,9,1,6836.19,0,0.0,0.37,3.53,Low
COMP_0393,9,1,10171.09,0,0.0,0.36,3.51,Low
COMP_0191,8,1,9619.26,0,0.0,0.36,3.5,Low
COMP_1135,8,1,9453.01,0,0.0,0.36,3.5,Low
COMP_0435,8,1,9310.87,0,0.0,0.36,3.5,Low
COMP_1619,7,1,13185.56,0,0.0,0.35,3.49,Low
COMP_1025,8,1,13084.89,0,0.0,0.35,3.49,Low
COMP_1557,7,1,8127.7,0,0.0,0.36,3.48,Low
COMP_0629,7,1,7633.59,0,0.0,0.36,3.47,Low
COMP_1391,9,1,12436.8,0,0.0,0.35,3.47,Low
COMP_1385,9,1,11687.3,0,0.0,0.35,3.46,Low
COMP_0549,9,1,15734.01,0,0.0,0.34,3.45,Low
COMP_0811,9,1,14775.46,0,0.0,0.34,3.44,Low
COMP_0655,8,1,4895.68,0,0.0,0.36,3.42,Low
COMP_1681,8,1,13674.62,0,0.0,0.34,3.42,Low
COMP_0231,8,1,5259.35,0,0.0,0.36,3.42,Low
COMP_0609,7,1,4670.91,0,0.0,0.36,3.41,Low
COMP_0055,9,1,4660.88,0,0.0,0.36,3.41,Low
COMP_0985,11,1,8623.95,0,0.0,0.35,3.41,Low
COMP_0043,7,1,17084.59,0,0.0,0.33,3.4,Low
COMP_1669,7,1,7688.61,0,0.0,0.35,3.39,Low
COMP_0109,7,1,7640.97,0,0.0,0.35,3.39,Low
COMP_1113,7,1,16254.73,0,0.0,0.33,3.38,Low
COMP_1239,11,1,15992.45,0,0.0,0.33,3.38,Low
COMP_0775,8,1,6808.83,0,0.0,0.35,3.37,Low
COMP_1285,10,1,6537.63,0,0.0,0.35,3.37,Low
COMP_1353,7,1,10303.16,0,0.0,0.34,3.36,Low
COMP_0201,8,1,10014.02,0,0.0,0.34,3.35,Low
COMP_0509,8,1,13924.11,0,0.0,0.33,3.34,Low
COMP_0441,8,1,9024.65,0,0.0,0.34,3.33,Low
COMP_1571,7,1,8814.22,0,0.0,0.34,3.33,Low
COMP_0723,8,1,13594.55,0,0.0,0.33,3.33,Low
COMP_1149,8,1,4558.38,0,0.0,0.35,3.33,Low
COMP_1723,7,1,6997.19,0,0.0,0.34,3.3,Low
COMP_1243,8,1,15711.32,0,0.0,0.32,3.29,Low
COMP_0925,10,1,15802.72,0,0.0,0.32,3.29,Low
COMP_0955,8,1,6057.31,0,0.0,0.34,3.28,Low
COMP_0225,9,1,5879.38,0,0.0,0.34,3.28,Low
COMP_0741,7,1,9561.69,0,0.0,0.33,3.26,Low
COMP_1643,9,1,5206.31,0,0.0,0.34,3.26,Low
COMP_0827,8,1,8650.4,0,0.0,0.33,3.25,Low
COMP_0353,7,1,3667.36,0,0.0,0.34,3.24,Low
COMP_1527,7,1,8494.11,0,0.0,0.33,3.24,Low
COMP_1529,7,1,12992.77,0,0.0,0.32,3.24,Low
COMP_1393,7,1,11879.22,0,0.0,0.32,3.22,Low
COMP_1439,8,1,6978.5,0,0.0,0.33,3.22,Low
COMP_0129,10,1,11464.47,0,0.0,0.32,3.22,Low
COMP_1427,7,1,2967.55,0,0.0,0.34,3.22,Low
COMP_0645,8,1,10632.99,0,0.0,0.32,3.2,Low
COMP_0531,8,1,9739.56,0,0.0,0.32,3.19,Low
COMP_0165,7,1,14216.99,0,0.0,0.31,3.19,Low
COMP_0493,7,1,4523.7,0,0.0,0.33,3.17,Low
COMP_1635,9,1,4302.46,0,0.0,0.33,3.17,Low
COMP_1013,7,1,12865.97,0,0.0,0.31,3.16,Low
COMP_0291,8,1,17184.81,0,0.0,0.3,3.16,Low
COMP_0525,8,1,3613.95,0,0.0,0.33,3.16,Low
COMP_1041,8,1,12165.33,0,0.0,0.31,3.15,Low
COMP_0163,7,1,12407.4,0,0.0,0.31,3.15,Low
COMP_1171,8,1,16220.92,0,0.0,0.3,3.14,Low
COMP_1259,7,1,11290.91,0,0.0,0.31,3.13,Low
COMP_0853,8,1,15555.0,0,0.0,0.3,3.13,Low
COMP_1563,7,1,11122.39,0,0.0,0.31,3.13,Low
COMP_0107,7,1,10168.29,0,0.0,0.31,3.11,Low
COMP_1361,7,1,5587.91,0,0.0,0.32,3.11,Low
COMP_1639,8,1,5035.18,0,0.0,0.32,3.1,Low
COMP_1483,8,1,13000.89,0,0.0,0.3,3.08,Low
COMP_1437,9,1,3843.49,0,0.0,0.32,3.08,Low
COMP_1053,7,1,7650.7,0,0.0,0.31,3.07,Low
COMP_0953,8,1,3057.18,0,0.0,0.32,3.07,Low
COMP_1637,7,1,7780.13,0,0.0,0.31,3.07,Low
COMP_0987,8,1,2938.06,0,0.0,0.32,3.06,Low
COMP_0547,9,1,6595.92,0,0.0,0.31,3.05,Low
COMP_0567,8,1,9971.3,0,0.0,0.3,3.03,Low
COMP_1277,8,1,8913.64,0,0.0,0.3,3.01,Low
COMP_0491,9,1,9028.17,0,0.0,0.3,3.01,Low
COMP_0951,8,1,13176.96,0,0.0,0.29,3.01,Low
COMP_1523,7,1,3266.4,0,0.0,0.31,2.99,Low
COMP_0649,9,1,10926.87,0,0.0,0.29,2.97,Low
COMP_0581,8,1,6863.91,0,0.0,0.3,2.97,Low
COMP_0159,8,1,6534.77,0,0.0,0.3,2.97,Low
COMP_0445,7,1,6304.98,0,0.0,0.3,2.96,Low
COMP_1567,8,1,10454.12,0,0.0,0.29,2.96,Low
COMP_1167,7,1,6355.22,0,0.0,0.3,2.96,Low
COMP_0133,9,1,9552.67,0,0.0,0.29,2.94,Low
COMP_0447,7,1,13911.62,0,0.0,0.28,2.94,Low
COMP_0359,8,1,5060.16,0,0.0,0.3,2.94,Low
COMP_0425,8,1,13469.93,0,0.0,0.28,2.93,Low
COMP_0789,9,1,3674.58,0,0.0,0.3,2.92,Low
COMP_1077,8,1,3738.82,0,0.0,0.3,2.92,Low
COMP_1517,7,1,3798.31,0,0.0,0.3,2.92,Low
COMP_0533,7,1,7956.78,0,0.0,0.29,2.91,Low
COMP_1551,7,1,11393.99,0,0.0,0.28,2.9,Low
COMP_1271,8,1,2927.1,0,0.0,0.3,2.9,Low
COMP_1401,7,1,11900.74,0,0.0,0.28,2.9,Low
COMP_0885,7,1,11059.34,0,0.0,0.28,2.89,Low
COMP_1157,8,1,6432.87,0,0.0,0.29,2.89,Low
COMP_0831,7,1,11143.49,0,0.0,0.28,2.89,Low
COMP_0199,7,1,11241.15,0,0.0,0.28,2.89,Low
COMP_0421,7,1,6655.52,0,0.0,0.29,2.89,Low
COMP_1017,9,1,15826.44,0,0.0,0.27,2.89,Low
COMP_0475,7,1,10431.12,0,0.0,0.28,2.88,Low
COMP_1233,9,1,10000.83,0,0.0,0.28,2.87,Low
COMP_1173,7,1,14484.45,0,0.0,0.27,2.87,Low
COMP_0105,8,1,13764.62,0,0.0,0.27,2.86,Low
COMP_1143,8,1,4922.46,0,0.0,0.29,2.86,Low
COMP_0685,8,1,9050.76,0,0.0,0.28,2.85,Low
COMP_1363,7,1,8256.73,0,0.0,0.28,2.84,Low
COMP_0041,8,1,12668.69,0,0.0,0.27,2.84,Low
COMP_0527,8,1,12501.76,0,0.0,0.27,2.84,Low
COMP_0387,8,1,3261.13,0,0.0,0.29,2.83,Low
COMP_0591,7,1,11967.53,0,0.0,0.27,2.83,Low
COMP_0641,8,1,11600.2,0,0.0,0.27,2.82,Low
COMP_0633,8,1,7033.52,0,0.0,0.28,2.82,Low
COMP_0761,9,1,2706.59,0,0.0,0.29,2.82,Low
COMP_1253,7,1,2694.43,0,0.0,0.29,2.82,Low
COMP_0271,8,1,6515.13,0,0.0,0.28,2.81,Low
COMP_1245,8,1,5986.16,0,0.0,0.28,2.8,Low
COMP_1577,7,1,10731.47,0,0.0,0.27,2.8,Low
COMP_1325,7,1,5828.38,0,0.0,0.28,2.79,Low
COMP_1141,8,1,9812.37,0,0.0,0.27,2.79,Low
COMP_0303,7,1,5045.71,0,0.0,0.28,2.78,Low
COMP_1279,7,1,9266.62,0,0.0,0.27,2.78,Low
COMP_1375,8,1,13882.33,0,0.0,0.26,2.78,Low
COMP_1509,7,1,13859.13,0,0.0,0.26,2.78,Low
COMP_1713,9,1,8757.72,0,0.0,0.27,2.77,Low
COMP_0489,8,1,4329.71,0,0.0,0.28,2.77,Low
COMP_1367,8,1,4174.69,0,0.0,0.28,2.77,Low
COMP_0545,8,1,8387.41,0,0.0,0.27,2.76,Low
COMP_0185,7,1,12222.23,0,0.0,0.26,2.75,Low
COMP_1597,9,1,12286.22,0,0.0,0.26,2.75,Low
COMP_1729,9,1,3230.49,0,0.0,0.28,2.75,Low
COMP_0459,7,1,11910.44,0,0.0,0.26,2.74,Low
COMP_0713,10,1,2823.17,0,0.0,0.28,2.74,Low
COMP_0355,9,1,6312.14,0,0.0,0.27,2.72,Low
COMP_0383,8,1,14791.46,0,0.0,0.25,2.72,Low
COMP_0181,8,1,9522.75,0,0.0,0.26,2.7,Low
COMP_0683,9,1,9132.44,0,0.0,0.26,2.69,Low
COMP_1215,8,1,8965.3,0,0.0,0.26,2.69,Low
COMP_0899,7,1,8948.36,0,0.0,0.26,2.69,Low
COMP_1101,7,1,8890.69,0,0.0,0.26,2.69,Low
COMP_1731,7,1,8628.76,0,0.0,0.26,2.69,Low
COMP_0653,7,1,3975.58,0,0.0,0.27,2.68,Low
COMP_0131,8,1,8043.36,0,0.0,0.26,2.67,Low
COMP_1235,7,1,7655.87,0,0.0,0.26,2.67,Low
COMP_0541,8,1,7820.01,0,0.0,0.26,2.67,Low
COMP_1377,9,1,11588.26,0,0.0,0.25,2.66,Low
COMP_1209,8,1,7005.96,0,0.0,0.26,2.66,Low
COMP_0661,8,1,6689.14,0,0.0,0.26,2.65,Low
COMP_0173,8,1,11265.0,0,0.0,0.25,2.65,Low
COMP_1661,8,1,11240.36,0,0.0,0.25,2.65,Low
COMP_0333,7,1,11129.89,0,0.0,0.25,2.65,Low
COMP_0593,8,1,6682.27,0,0.0,0.26,2.65,Low
COMP_1369,9,1,6276.56,0,0.0,0.26,2.64,Low
COMP_0963,8,1,5292.77,0,0.0,0.26,2.63,Low
COMP_0171,7,1,5333.02,0,0.0,0.26,2.63,Low
COMP_0223,9,1,10106.57,0,0.0,0.25,2.63,Low
COMP_0877,10,1,8951.37,0,0.0,0.25,2.61,Low
COMP_0597,7,1,4443.58,0,0.0,0.26,2.61,Low
COMP_1337,9,1,8166.94,0,0.0,0.25,2.6,Low
COMP_0803,9,1,3520.49,0,0.0,0.26,2.59,Low
COMP_1487,8,1,7952.26,0,0.0,0.25,2.59,Low
COMP_0401,7,1,7958.42,0,0.0,0.25,2.59,Low
COMP_1479,8,1,11862.12,0,0.0,0.24,2.58,Low
COMP_1677,7,1,6950.81,0,0.0,0.25,2.58,Low
COMP_1269,9,1,11731.98,0,0.0,0.24,2.58,Low
COMP_1181,9,1,11231.26,0,0.0,0.24,2.57,Low
COMP_1573,7,1,6609.22,0,0.0,0.25,2.57,Low
COMP_0993,9,1,6740.39,0,0.0,0.25,2.57,Low
COMP_1403,8,1,6893.79,0,0.0,0.25,2.57,Low
COMP_0207,8,1,6790.21,0,0.0,0.25,2.57,Low
COMP_0423,8,1,6834.57,0,0.0,0.25,2.57,Low
COMP_1539,7,1,10037.04,0,0.0,0.24,2.55,Low
COMP_0205,8,1,5146.01,0,0.0,0.25,2.54,Low
COMP_1365,7,1,4751.81,0,0.0,0.25,2.54,Low
COMP_1299,9,1,13212.65,0,0.0,0.23,2.53,Low
COMP_0911,8,1,9111.3,0,0.0,0.24,2.53,Low
COMP_1693,8,1,4413.07,0,0.0,0.25,2.53,Low
COMP_0617,8,1,13258.0,0,0.0,0.23,2.53,Low
COMP_1413,7,1,4600.16,0,0.0,0.25,2.53,Low
COMP_1155,8,1,3638.45,0,0.0,0.25,2.52,Low
COMP_0021,8,1,8141.08,0,0.0,0.24,2.52,Low
COMP_0465,7,1,11959.29,0,0.0,0.23,2.51,Low
COMP_0015,7,1,8049.42,0,0.0,0.24,2.51,Low
COMP_0073,8,1,7289.58,0,0.0,0.24,2.5,Low
COMP_0737,9,1,6889.66,0,0.0,0.24,2.49,Low
COMP_1147,8,1,10365.56,0,0.0,0.23,2.48,Low
COMP_0587,10,1,10417.21,0,0.0,0.23,2.48,Low
COMP_0273,7,1,9785.55,0,0.0,0.23,2.47,Low
COMP_1015,7,1,10261.61,0,0.0,0.23,2.47,Low
COMP_1221,7,1,5529.8,0,0.0,0.24,2.47,Low
COMP_0757,8,1,4914.0,0,0.0,0.24,2.46,Low
COMP_1467,10,1,9243.47,0,0.0,0.23,2.46,Low
COMP_1107,8,1,9489.28,0,0.0,0.23,2.46,Low
COMP_1317,7,1,4788.44,0,0.0,0.24,2.46,Low
COMP_0237,7,1,8718.68,0,0.0,0.23,2.45,Low
COMP_1615,9,1,3753.27,0,0.0,0.24,2.44,Low
COMP_1121,8,1,12536.74,0,0.0,0.22,2.44,Low
COMP_0283,9,1,3945.66,0,0.0,0.24,2.44,Low
COMP_1649,9,1,7235.66,0,0.0,0.23,2.42,Low
COMP_1063,8,1,11764.38,0,0.0,0.22,2.42,Low
COMP_1641,8,1,11455.68,0,0.0,0.22,2.42,Low
COMP_0203,7,1,6485.75,0,0.0,0.23,2.41,Low
COMP_0343,7,1,6428.26,0,0.0,0.23,2.41,Low
COMP_1585,8,1,10979.28,0,0.0,0.22,2.41,Low
COMP_1019,8,1,11171.23,0,0.0,0.22,2.41,Low
COMP_1267,8,1,10948.04,0,0.0,0.22,2.41,Low
COMP_0311,7,1,6198.61,0,0.0,0.23,2.4,Low
COMP_0895,8,1,5794.24,0,0.0,0.23,2.39,Low
COMP_0279,7,1,5239.18,0,0.0,0.23,2.38,Low
COMP_1203,8,1,9111.67,0,0.0,0.22,2.37,Low
COMP_1711,9,1,3893.74,0,0.0,0.23,2.36,Low
COMP_0405,7,1,3665.89,0,0.0,0.23,2.36,Low
COMP_0791,9,1,7674.13,0,0.0,0.22,2.35,Low
COMP_1423,9,1,3303.02,0,0.0,0.23,2.35,Low
COMP_1039,9,1,7709.49,0,0.0,0.22,2.35,Low
COMP_1631,10,1,3609.3,0,0.0,0.23,2.35,Low
COMP_1655,9,1,7095.22,0,0.0,0.22,2.34,Low
COMP_1001,8,1,2799.13,0,0.0,0.23,2.34,Low
COMP_1033,8,1,11730.12,0,0.0,0.21,2.34,Low
COMP_1223,8,1,6469.76,0,0.0,0.22,2.33,Low
COMP_1679,9,1,2287.77,0,0.0,0.23,2.33,Low
COMP_0369,7,1,2118.46,0,0.0,0.23,2.33,Low
COMP_1625,7,1,11043.36,0,0.0,0.21,2.33,Low
COMP_0209,8,1,6253.7,0,0.0,0.22,2.32,Low
COMP_1137,8,1,6374.03,0,0.0,0.22,2.32,Low
COMP_1007,10,1,6341.97,0,0.0,0.22,2.32,Low
COMP_0833,7,1,6349.9,0,0.0,0.22,2.32,Low
COMP_1491,7,1,9769.57,0,0.0,0.21,2.31,Low
COMP_0297,8,1,5678.17,0,0.0,0.22,2.31,Low
COMP_1185,8,1,5297.11,0,0.0,0.22,2.31,Low
COMP_1505,9,1,5400.22,0,0.0,0.22,2.31,Low
COMP_0847,7,1,5581.74,0,0.0,0.22,2.31,Low
COMP_0483,9,1,9698.0,0,0.0,0.21,2.3,Low
COMP_0727,8,1,9661.27,0,0.0,0.21,2.3,Low
COMP_0529,10,1,9482.72,0,0.0,0.21,2.3,Low
COMP_0777,7,1,9005.83,0,0.0,0.21,2.29,Low
COMP_1341,9,1,8589.04,0,0.0,0.21,2.28,Low
COMP_0733,7,1,3746.46,0,0.0,0.22,2.28,Low
COMP_0251,9,1,8315.19,0,0.0,0.21,2.28,Low
COMP_1561,9,1,8485.42,0,0.0,0.21,2.28,Low
COMP_0411,8,1,8556.31,0,0.0,0.21,2.28,Low
COMP_0233,9,1,3875.26,0,0.0,0.22,2.28,Low
COMP_0315,8,1,7882.25,0,0.0,0.21,2.27,Low
COMP_1493,7,1,3115.77,0,0.0,0.22,2.27,Low
COMP_0053,7,1,3396.97,0,0.0,0.22,2.27,Low
COMP_1559,8,1,11702.85,0,0.0,0.2,2.26,Low
COMP_0871,7,1,6958.73,0,0.0,0.21,2.26,Low
COMP_0511,7,1,7203.38,0,0.0,0.21,2.26,Low
COMP_1587,7,1,11431.15,0,0.0,0.2,2.26,Low
COMP_0389,7,1,7024.96,0,0.0,0.21,2.26,Low
COMP_0117,9,1,7165.95,0,0.0,0.21,2.26,Low
COMP_0113,8,1,11431.37,0,0.0,0.2,2.26,Low
COMP_0523,8,1,1971.66,0,0.0,0.22,2.25,Low
COMP_0499,9,1,6637.16,0,0.0,0.21,2.25,Low
COMP_1291,8,1,11011.88,0,0.0,0.2,2.25,Low
COMP_1445,9,1,10974.31,0,0.0,0.2,2.25,Low
COMP_0365,7,1,6747.76,0,0.0,0.21,2.25,Low
COMP_0103,9,1,10515.53,0,0.0,0.2,2.24,Low
COMP_1465,7,1,5889.76,0,0.0,0.21,2.24,Low
COMP_1311,8,1,10448.3,0,0.0,0.2,2.24,Low
COMP_1469,8,1,10564.31,0,0.0,0.2,2.24,Low
COMP_1217,8,1,10530.14,0,0.0,0.2,2.24,Low
COMP_0957,8,1,10472.8,0,0.0,0.2,2.24,Low
COMP_0469,8,1,5716.55,0,0.0,0.21,2.23,Low
COMP_0785,7,1,9835.79,0,0.0,0.2,2.23,Low
COMP_0063,8,1,9354.2,0,0.0,0.2,2.22,Low
COMP_0929,8,1,8755.94,0,0.0,0.2,2.21,Low
COMP_0971,8,1,4650.12,0,0.0,0.21,2.21,Low
COMP_1021,7,1,4236.65,0,0.0,0.21,2.21,Low
COMP_0729,9,1,8680.84,0,0.0,0.2,2.21,Low
COMP_1093,7,1,4535.31,0,0.0,0.21,2.21,Low
COMP_0337,8,1,8498.33,0,0.0,0.2,2.2,Low
COMP_1623,7,1,8119.57,0,0.0,0.2,2.2,Low
COMP_0437,8,1,3860.29,0,0.0,0.21,2.2,Low
COMP_1295,8,1,4057.54,0,0.0,0.21,2.2,Low
COMP_1031,10,1,3977.86,0,0.0,0.21,2.2,Low
COMP_1139,7,1,7629.02,0,0.0,0.2,2.19,Low
COMP_0719,9,1,7676.46,0,0.0,0.2,2.19,Low
COMP_1497,8,1,7562.83,0,0.0,0.2,2.19,Low
COMP_0481,7,1,7928.7,0,0.0,0.2,2.19,Low
COMP_1645,8,1,7954.66,0,0.0,0.2,2.19,Low
COMP_1225,7,1,6765.95,0,0.0,0.2,2.17,Low
COMP_1257,7,1,6763.26,0,0.0,0.2,2.17,Low
COMP_0035,9,1,11343.75,0,0.0,0.19,2.17,Low
COMP_0669,8,1,6897.31,0,0.0,0.2,2.17,Low
COMP_0881,9,1,6058.76,0,0.0,0.2,2.16,Low
COMP_1319,8,1,10507.28,0,0.0,0.19,2.16,Low
COMP_0543,9,1,10454.16,0,0.0,0.19,2.16,Low
COMP_0061,8,1,5554.61,0,0.0,0.2,2.15,Low
COMP_1589,7,1,9821.29,0,0.0,0.19,2.15,Low
COMP_1425,7,1,9789.67,0,0.0,0.19,2.15,Low
COMP_0075,8,1,9564.86,0,0.0,0.19,2.14,Low
COMP_0095,9,1,9491.96,0,0.0,0.19,2.14,Low
COMP_0319,7,1,4733.14,0,0.0,0.2,2.14,Low
COMP_0177,10,1,9457.33,0,0.0,0.19,2.14,Low
COMP_0937,8,1,8988.95,0,0.0,0.19,2.13,Low
COMP_0563,8,1,9015.94,0,0.0,0.19,2.13,Low
COMP_0049,7,1,8522.53,0,0.0,0.19,2.12,Low
COMP_1415,8,1,3747.08,0,0.0,0.2,2.12,Low
COMP_0289,7,1,3521.51,0,0.0,0.2,2.11,Low
COMP_1127,8,1,7199.69,0,0.0,0.19,2.1,Low
COMP_0417,7,1,7099.79,0,0.0,0.19,2.1,Low
COMP_0605,8,1,7175.8,0,0.0,0.19,2.1,Low
COMP_0287,7,1,7175.78,0,0.0,0.19,2.1,Low
COMP_0809,9,1,7205.55,0,0.0,0.19,2.1,Low
COMP_1683,7,1,6623.78,0,0.0,0.19,2.09,Low
COMP_1115,9,1,2396.67,0,0.0,0.2,2.09,Low
COMP_1111,7,1,6171.76,0,0.0,0.19,2.08,Low
COMP_1699,7,1,10573.78,0,0.0,0.18,2.08,Low
COMP_1725,8,1,6036.42,0,0.0,0.19,2.08,Low
COMP_0935,7,1,6045.17,0,0.0,0.19,2.08,Low
COMP_1371,9,1,10447.66,0,0.0,0.18,2.08,Low
COMP_0515,7,1,10623.76,0,0.0,0.18,2.08,Low
COMP_0097,9,1,5574.66,0,0.0,0.19,2.07,Low
COMP_0693,8,1,5381.77,0,0.0,0.19,2.07,Low
COMP_1447,8,1,9772.47,0,0.0,0.18,2.07,Low
COMP_1313,9,1,10241.85,0,0.0,0.18,2.07,Low
COMP_0341,8,1,10066.3,0,0.0,0.18,2.07,Low
COMP_1727,8,1,9868.96,0,0.0,0.18,2.07,Low
COMP_0675,8,1,9804.22,0,0.0,0.18,2.07,Low
COMP_1537,7,1,9943.34,0,0.0,0.18,2.07,Low
COMP_1059,9,1,9238.21,0,0.0,0.18,2.06,Low
COMP_0443,8,1,4731.01,0,0.0,0.19,2.06,Low
COMP_1359,8,1,9660.58,0,0.0,0.18,2.06,Low
COMP_1005,8,1,9017.4,0,0.0,0.18,2.05,Low
COMP_0265,7,1,4226.83,0,0.0,0.19,2.05,Low
COMP_1429,7,1,4537.8,0,0.0,0.19,2.05,Low
COMP_0961,8,1,4702.37,0,0.0,0.19,2.05,Low
COMP_1315,8,1,8188.87,0,0.0,0.18,2.04,Low
COMP_1613,7,1,8373.29,0,0.0,0.18,2.04,Low
COMP_1199,7,1,3780.71,0,0.0,0.19,2.04,Low
COMP_0505,8,1,7949.97,0,0.0,0.18,2.03,Low
COMP_0045,10,1,7944.98,0,0.0,0.18,2.03,Low
COMP_0893,7,1,3496.02,0,0.0,0.19,2.03,Low
COMP_0753,7,1,6577.96,0,0.0,0.18,2.01,Low
COMP_0375,10,1,6393.53,0,0.0,0.18,2.01,Low
COMP_0449,7,1,5746.52,0,0.0,0.18,1.99,Low
COMP_0137,10,1,5297.27,0,0.0,0.18,1.99,Low
COMP_1297,7,1,5118.78,0,0.0,0.18,1.98,Low
COMP_0867,8,1,5107.34,0,0.0,0.18,1.98,Low
COMP_1411,9,1,9355.2,0,0.0,0.17,1.98,Low
COMP_0037,8,1,5107.32,0,0.0,0.18,1.98,Low
COMP_1443,7,1,4308.97,0,0.0,0.18,1.97,Low
COMP_1105,8,1,4528.61,0,0.0,0.18,1.97,Low
COMP_0691,8,1,4313.52,0,0.0,0.18,1.97,Low
COMP_0145,8,1,8308.75,0,0.0,0.17,1.96,Low
COMP_0797,8,1,7992.31,0,0.0,0.17,1.95,Low
COMP_1419,7,1,3168.31,0,0.0,0.18,1.95,Low
COMP_0217,7,1,8021.0,0,0.0,0.17,1.95,Low
COMP_1489,7,1,7481.61,0,0.0,0.17,1.94,Low
COMP_1179,8,1,7456.19,0,0.0,0.17,1.94,Low
COMP_1151,7,1,2218.58,0,0.0,0.18,1.93,Low
COMP_1289,7,1,1687.67,0,0.0,0.18,1.92,Low
COMP_0249,7,1,6092.96,0,0.0,0.17,1.92,Low
COMP_1333,7,1,5560.56,0,0.0,0.17,1.91,Low
COMP_0309,8,1,5665.48,0,0.0,0.17,1.91,Low
COMP_1609,7,1,9293.96,0,0.0,0.16,1.9,Low
COMP_0613,7,1,5203.65,0,0.0,0.17,1.9,Low
COMP_0787,9,1,4847.9,0,0.0,0.17,1.9,Low
COMP_0317,8,1,4987.39,0,0.0,0.17,1.9,Low
COMP_1611,9,1,4506.46,0,0.0,0.17,1.89,Low
COMP_0259,8,1,8635.36,0,0.0,0.16,1.89,Low
COMP_0553,7,1,9001.12,0,0.0,0.16,1.89,Low
COMP_0263,7,1,8796.88,0,0.0,0.16,1.89,Low
COMP_0057,8,1,3909.32,0,0.0,0.17,1.88,Low
COMP_0127,10,1,8394.1,0,0.0,0.16,1.88,Low
COMP_0997,8,1,8211.74,0,0.0,0.16,1.88,Low
COMP_0071,8,1,7985.78,0,0.0,0.16,1.87,Low
COMP_0769,8,1,7622.24,0,0.0,0.16,1.87,Low
COMP_1301,9,1,7298.9,0,0.0,0.16,1.86,Low
COMP_0219,7,1,6913.54,0,0.0,0.16,1.85,Low
COMP_0977,8,1,6901.57,0,0.0,0.16,1.85,Low
COMP_0565,7,1,5958.61,0,0.0,0.16,1.84,Low
COMP_0029,7,1,6289.57,0,0.0,0.16,1.84,Low
COMP_1417,9,1,6034.87,0,0.0,0.16,1.84,Low
COMP_0083,8,1,5934.49,0,0.0,0.16,1.84,Low
COMP_0569,9,1,5970.82,0,0.0,0.16,1.84,Low
COMP_1083,7,1,5357.83,0,0.0,0.16,1.83,Low
COMP_1707,9,1,5612.33,0,0.0,0.16,1.83,Low
COMP_0463,8,1,5504.12,0,0.0,0.16,1.83,Low
COMP_0099,8,1,9207.19,0,0.0,0.15,1.82,Low
COMP_0235,8,1,5194.92,0,0.0,0.16,1.82,Low
COMP_0589,7,1,9028.0,0,0.0,0.15,1.81,Low
COMP_0385,8,1,4644.05,0,0.0,0.16,1.81,Low
COMP_0347,9,1,4654.33,0,0.0,0.16,1.81,Low
COMP_0915,8,1,8088.06,0,0.0,0.15,1.8,Low
COMP_0535,8,1,8212.53,0,0.0,0.15,1.8,Low
COMP_0227,8,1,8159.4,0,0.0,0.15,1.8,Low
COMP_0639,8,1,7960.69,0,0.0,0.15,1.79,Low
COMP_0295,7,1,3473.66,0,0.0,0.16,1.79,Low
COMP_1603,8,1,7525.31,0,0.0,0.15,1.79,Low
COMP_1307,10,1,3206.72,0,0.0,0.16,1.79,Low
COMP_1169,8,1,3055.91,0,0.0,0.16,1.79,Low
COMP_0427,8,1,7319.55,0,0.0,0.15,1.78,Low
COMP_1455,8,1,7362.13,0,0.0,0.15,1.78,Low
COMP_0981,9,1,7337.37,0,0.0,0.15,1.78,Low
COMP_0503,7,1,6939.73,0,0.0,0.15,1.77,Low
COMP_0183,10,1,2130.4,0,0.0,0.16,1.77,Low
COMP_0501,8,1,6431.08,0,0.0,0.15,1.77,Low
COMP_1303,8,1,6656.87,0,0.0,0.15,1.77,Low
COMP_0651,8,1,6608.83,0,0.0,0.15,1.77,Low
COMP_0865,9,1,6629.44,0,0.0,0.15,1.77,Low
COMP_1721,8,1,5922.96,0,0.0,0.15,1.76,Low
COMP_0843,8,1,5807.22,0,0.0,0.15,1.75,Low
COMP_0973,8,1,5680.07,0,0.0,0.15,1.75,Low
COMP_1087,7,1,5358.38,0,0.0,0.15,1.75,Low
COMP_0873,9,1,5707.81,0,0.0,0.15,1.75,Low
COMP_0851,9,1,4748.63,0,0.0,0.15,1.74,Low
COMP_0363,7,1,4730.0,0,0.0,0.15,1.74,Low
COMP_1227,8,1,5198.42,0,0.0,0.15,1.74,Low
COMP_1351,7,1,3841.0,0,0.0,0.15,1.72,Low
COMP_0399,8,1,8371.35,0,0.0,0.14,1.72,Low
COMP_0381,10,1,8355.28,0,0.0,0.14,1.72,Low
COMP_0433,9,1,7937.08,0,0.0,0.14,1.71,Low
COMP_1689,8,1,3365.22,0,0.0,0.15,1.71,Low
COMP_0325,7,1,7813.87,0,0.0,0.14,1.71,Low
COMP_0739,8,1,3092.1,0,0.0,0.15,1.71,Low
COMP_1345,7,1,7302.59,0,0.0,0.14,1.7,Low
COMP_1357,8,1,3046.59,0,0.0,0.15,1.7,Low
COMP_1327,7,1,7073.68,0,0.0,0.14,1.7,Low
COMP_0889,7,1,7223.08,0,0.0,0.14,1.7,Low
COMP_0919,7,1,7284.38,0,0.0,0.14,1.7,Low
COMP_1653,8,1,7038.15,0,0.0,0.14,1.7,Low
COMP_0823,9,1,2737.49,0,0.0,0.15,1.7,Low
COMP_0407,9,1,2590.58,0,0.0,0.15,1.7,Low
COMP_0189,8,1,7188.77,0,0.0,0.14,1.7,Low
COMP_0869,7,1,7174.66,0,0.0,0.14,1.7,Low
COMP_1261,8,1,7145.73,0,0.0,0.14,1.7,Low
COMP_1675,9,1,6790.75,0,0.0,0.14,1.69,Low
COMP_0947,7,1,2456.19,0,0.0,0.15,1.69,Low
COMP_0019,7,1,6902.01,0,0.0,0.14,1.69,Low
COMP_0689,9,1,2158.57,0,0.0,0.15,1.69,Low
COMP_0995,11,1,6489.84,0,0.0,0.14,1.69,Low
COMP_1431,7,1,6737.9,0,0.0,0.14,1.69,Low
COMP_0671,7,1,6487.46,0,0.0,0.14,1.69,Low
COMP_1543,10,1,1707.74,0,0.0,0.15,1.68,Low
COMP_0825,7,1,6000.3,0,0.0,0.14,1.68,Low
COMP_1583,8,1,1802.27,0,0.0,0.15,1.68,Low
COMP_0255,8,1,5892.41,0,0.0,0.14,1.68,Low
COMP_0011,7,1,5926.78,0,0.0,0.14,1.68,Low
COMP_0601,9,1,4760.76,0,0.0,0.14,1.66,Low
COMP_0965,8,1,5140.09,0,0.0,0.14,1.66,Low
COMP_0835,8,1,4980.86,0,0.0,0.14,1.66,Low
COMP_1125,8,1,4411.03,0,0.0,0.14,1.65,Low
COMP_1627,9,1,4689.03,0,0.0,0.14,1.65,Low
COMP_0879,8,1,3970.88,0,0.0,0.14,1.64,Low
COMP_0697,8,1,4092.23,0,0.0,0.14,1.64,Low
COMP_0455,7,1,3852.87,0,0.0,0.14,1.64,Low
COMP_1145,9,1,7638.71,0,0.0,0.13,1.63,Low
COMP_0579,7,1,7672.93,0,0.0,0.13,1.63,Low
COMP_0221,8,1,7632.59,0,0.0,0.13,1.63,Low
COMP_1601,7,1,7613.1,0,0.0,0.13,1.63,Low
COMP_0793,8,1,7359.68,0,0.0,0.13,1.62,Low
COMP_1175,8,1,7494.05,0,0.0,0.13,1.62,Low
COMP_0755,9,1,7244.74,0,0.0,0.13,1.62,Low
COMP_1531,7,1,7122.11,0,0.0,0.13,1.62,Low
COMP_1055,8,1,7384.57,0,0.0,0.13,1.62,Low
COMP_0749,8,1,2317.03,0,0.0,0.14,1.61,Low
COMP_0195,9,1,6831.87,0,0.0,0.13,1.61,Low
COMP_0461,8,1,6842.5,0,0.0,0.13,1.61,Low
COMP_0539,8,1,6051.26,0,0.0,0.13,1.6,Low
COMP_1037,8,1,6036.44,0,0.0,0.13,1.6,Low
COMP_1663,9,1,5963.53,0,0.0,0.13,1.6,Low
COMP_0487,8,1,5943.12,0,0.0,0.13,1.6,Low
COMP_0673,9,1,1241.87,0,0.0,0.14,1.59,Low
COMP_0813,8,1,5782.71,0,0.0,0.13,1.59,Low
COMP_1129,8,1,1308.3,0,0.0,0.14,1.59,Low
COMP_0277,7,1,5503.09,0,0.0,0.13,1.59,Low
COMP_0307,9,1,5391.38,0,0.0,0.13,1.59,Low
COMP_0861,7,1,5687.72,0,0.0,0.13,1.59,Low
COMP_1073,7,1,5386.45,0,0.0,0.13,1.59,Low
COMP_0725,7,1,5821.12,0,0.0,0.13,1.59,Low
COMP_1085,8,1,5201.12,0,0.0,0.13,1.58,Low
COMP_1287,8,1,5273.6,0,0.0,0.13,1.58,Low
COMP_0551,9,1,5170.3,0,0.0,0.13,1.58,Low
COMP_0115,8,1,5057.18,0,0.0,0.13,1.58,Low
COMP_0933,9,1,4888.49,0,0.0,0.13,1.58,Low
COMP_0507,7,1,4854.84,0,0.0,0.13,1.58,Low
COMP_1435,9,1,4664.91,0,0.0,0.13,1.57,Low
COMP_0031,7,1,3880.12,0,0.0,0.13,1.56,Low
COMP_0603,8,1,4140.84,0,0.0,0.13,1.56,Low
COMP_0897,8,1,7392.18,0,0.0,0.12,1.54,Low
COMP_1485,8,1,2667.08,0,0.0,0.13,1.54,Low
COMP_0215,8,1,7205.53,0,0.0,0.12,1.54,Low
COMP_0361,9,1,6985.34,0,0.0,0.12,1.54,Low
COMP_0663,8,1,6686.92,0,0.0,0.12,1.53,Low
COMP_1249,9,1,6526.08,0,0.0,0.12,1.53,Low
COMP_0611,8,1,6942.34,0,0.0,0.12,1.53,Low
COMP_0665,10,1,6724.45,0,0.0,0.12,1.53,Low
COMP_0155,7,1,6741.41,0,0.0,0.12,1.53,Low
COMP_0039,7,1,6835.83,0,0.0,0.12,1.53,Low
COMP_0477,8,1,2149.29,0,0.0,0.13,1.53,Low
COMP_0625,7,1,6794.09,0,0.0,0.12,1.53,Low
COMP_1519,8,1,5939.46,0,0.0,0.12,1.52,Low
COMP_1481,8,1,5989.38,0,0.0,0.12,1.52,Low
COMP_0403,8,1,6009.62,0,0.0,0.12,1.52,Low
COMP_0561,9,1,6338.91,0,0.0,0.12,1.52,Low
COMP_0005,8,1,6259.08,0,0.0,0.12,1.52,Low
COMP_1441,9,1,6238.76,0,0.0,0.12,1.52,Low
COMP_0619,9,1,1788.39,0,0.0,0.13,1.52,Low
COMP_1533,9,1,1650.54,0,0.0,0.13,1.52,Low
COMP_0379,8,1,6026.87,0,0.0,0.12,1.52,Low
COMP_0213,10,1,5458.1,0,0.0,0.12,1.51,Low
COMP_1207,8,1,5326.78,0,0.0,0.12,1.51,Low
COMP_0735,8,1,5384.71,0,0.0,0.12,1.51,Low
COMP_1119,9,1,5603.57,0,0.0,0.12,1.51,Low
COMP_0147,8,1,5662.49,0,0.0,0.12,1.51,Low
COMP_0989,9,1,5090.25,0,0.0,0.12,1.5,Low
COMP_1461,8,1,5265.49,0,0.0,0.12,1.5,Low
COMP_1541,7,1,5218.57,0,0.0,0.12,1.5,Low
COMP_1339,7,1,4795.02,0,0.0,0.12,1.5,Low
COMP_0335,8,1,4594.99,0,0.0,0.12,1.49,Low
COMP_0917,8,1,4324.58,0,0.0,0.12,1.49,Low
COMP_1051,8,1,4503.94,0,0.0,0.12,1.49,Low
COMP_0091,7,1,4117.6,0,0.0,0.12,1.48,Low
COMP_0009,8,1,3872.14,0,0.0,0.12,1.48,Low
COMP_0241,10,1,3920.1,0,0.0,0.12,1.48,Low
COMP_1057,8,1,3955.19,0,0.0,0.12,1.48,Low
COMP_0979,8,1,3429.76,0,0.0,0.12,1.47,Low
COMP_0643,8,1,3404.95,0,0.0,0.12,1.47,Low
COMP_1309,9,1,3364.49,0,0.0,0.12,1.47,Low
COMP_1003,7,1,2805.14,0,0.0,0.12,1.46,Low
COMP_1715,8,1,2510.38,0,0.0,0.12,1.46,Low
COMP_0731,8,1,6398.55,0,0.0,0.11,1.45,Low
COMP_0943,8,1,2010.39,0,0.0,0.12,1.45,Low
COMP_0901,9,1,5841.5,0,0.0,0.11,1.44,Low
COMP_1697,8,1,6050.11,0,0.0,0.11,1.44,Low
COMP_1133,7,1,1651.6,0,0.0,0.12,1.44,Low
COMP_0907,7,1,1816.8,0,0.0,0.12,1.44,Low
COMP_0467,7,1,5947.01,0,0.0,0.11,1.44,Low
COMP_0745,8,1,5963.3,0,0.0,0.11,1.44,Low
COMP_1513,9,1,5484.77,0,0.0,0.11,1.43,Low
COMP_1089,9,1,5488.31,0,0.0,0.11,1.43,Low
COMP_0615,8,1,1034.44,0,0.0,0.12,1.43,Low
COMP_0905,8,1,1352.33,0,0.0,0.12,1.43,Low
COMP_1399,9,1,5369.67,0,0.0,0.11,1.43,Low
COMP_0017,9,1,5823.45,0,0.0,0.11,1.43,Low
COMP_0479,8,1,1374.39,0,0.0,0.12,1.43,Low
COMP_0517,7,1,5706.93,0,0.0,0.11,1.43,Low
COMP_0751,8,1,5468.59,0,0.0,0.11,1.43,Low
COMP_1421,8,1,1262.84,0,0.0,0.12,1.43,Low
COMP_1451,8,1,5719.41,0,0.0,0.11,1.43,Low
COMP_0637,7,1,5103.03,0,0.0,0.11,1.42,Low
COMP_0781,8,1,5259.05,0,0.0,0.11,1.42,Low
COMP_0975,8,1,5221.0,0,0.0,0.11,1.42,Low
COMP_1565,7,1,4983.42,0,0.0,0.11,1.42,Low
COMP_0771,8,1,4928.8,0,0.0,0.11,1.42,Low
COMP_1705,7,1,4841.22,0,0.0,0.11,1.42,Low
COMP_0121,9,1,5086.08,0,0.0,0.11,1.42,Low
COMP_1569,8,1,4592.19,0,0.0,0.11,1.41,Low
COMP_1525,9,1,4639.48,0,0.0,0.11,1.41,Low
COMP_0153,9,1,4187.41,0,0.0,0.11,1.41,Low
COMP_1229,8,1,3865.21,0,0.0,0.11,1.4,Low
COMP_0175,8,1,4101.88,0,0.0,0.11,1.4,Low
COMP_0711,8,1,3278.14,0,0.0,0.11,1.39,Low
COMP_0269,8,1,3175.24,0,0.0,0.11,1.39,Low
COMP_1205,7,1,3347.07,0,0.0,0.11,1.39,Low
COMP_0069,8,1,2820.52,0,0.0,0.11,1.38,Low
COMP_1717,7,1,1997.57,0,0.0,0.11,1.37,Low
COMP_1075,7,1,2029.45,0,0.0,0.11,1.37,Low
COMP_0161,7,1,2255.85,0,0.0,0.11,1.37,Low
COMP_0699,8,1,5912.6,0,0.0,0.1,1.36,Low
COMP_0743,8,1,1796.63,0,0.0,0.11,1.36,Low
COMP_0033,8,1,5584.18,0,0.0,0.1,1.35,Low
COMP_0837,9,1,5608.34,0,0.0,0.1,1.35,Low
COMP_0013,7,1,5346.36,0,0.0,0.1,1.35,Low
COMP_1329,9,1,5669.44,0,0.0,0.1,1.35,Low
COMP_0149,8,1,5630.86,0,0.0,0.1,1.35,Low
COMP_1355,9,1,1271.02,0,0.0,0.11,1.35,Low
COMP_0179,9,1,5753.22,0,0.0,0.1,1.35,Low
COMP_0439,9,1,1075.86,0,0.0,0.11,1.35,Low
COMP_1197,7,1,5571.43,0,0.0,0.1,1.35,Low
COMP_1099,8,1,5455.97,0,0.0,0.1,1.35,Low
COMP_0583,8,1,5553.02,0,0.0,0.1,1.35,Low
COMP_0623,7,1,5546.63,0,0.0,0.1,1.35,Low
COMP_1651,7,1,5088.49,0,0.0,0.1,1.34,Low
COMP_0079,8,1,4913.97,0,0.0,0.1,1.34,Low
COMP_1231,8,1,5163.7,0,0.0,0.1,1.34,Low
COMP_1255,7,1,4933.83,0,0.0,0.1,1.34,Low
COMP_0453,7,1,4876.69,0,0.0,0.1,1.34,Low
COMP_1049,7,1,4539.06,0,0.0,0.1,1.33,Low
COMP_0085,7,1,4517.59,0,0.0,0.1,1.33,Low
COMP_1657,8,1,4180.72,0,0.0,0.1,1.33,Low
COMP_1535,7,1,4395.86,0,0.0,0.1,1.33,Low
COMP_1263,7,1,4689.62,0,0.0,0.1,1.33,Low
COMP_1081,7,1,4490.9,0,0.0,0.1,1.33,Low
COMP_0821,7,1,4257.5,0,0.0,0.1,1.33,Low
COMP_1273,9,1,4098.97,0,0.0,0.1,1.32,Low
COMP_0167,7,1,3690.15,0,0.0,0.1,1.32,Low
COMP_1275,7,1,3615.05,0,0.0,0.1,1.32,Low
COMP_0931,8,1,3063.64,0,0.0,0.1,1.31,Low
COMP_0245,8,1,3158.26,0,0.0,0.1,1.31,Low
COMP_0047,7,1,2953.54,0,0.0,0.1,1.3,Low
COMP_1671,7,1,3050.51,0,0.0,0.1,1.3,Low
COMP_1331,9,1,3003.49,0,0.0,0.1,1.3,Low
COMP_0267,8,1,2639.7,0,0.0,0.1,1.3,Low
COMP_0795,7,1,1515.14,0,0.0,0.1,1.28,Low
COMP_0321,9,1,5325.21,0,0.0,0.09,1.27,Low
COMP_0765,8,1,5498.57,0,0.0,0.09,1.27,Low
COMP_0767,8,1,5018.63,0,0.0,0.09,1.26,Low
COMP_0457,8,1,5053.84,0,0.0,0.09,1.26,Low
COMP_1433,7,1,4880.37,0,0.0,0.09,1.26,Low
COMP_0721,8,1,4701.82,0,0.0,0.09,1.25,Low
COMP_0773,10,1,4443.63,0,0.0,0.09,1.25,Low
COMP_0921,8,1,4613.29,0,0.0,0.09,1.25,Low
COMP_1659,8,1,4568.2,0,0.0,0.09,1.25,Low
COMP_1499,9,1,4153.62,0,0.0,0.09,1.24,Low
COMP_0857,9,1,3707.1,0,0.0,0.09,1.24,Low
COMP_0327,7,1,4162.79,0,0.0,0.09,1.24,Low
COMP_0595,7,1,3688.86,0,0.0,0.09,1.24,Low
COMP_1027,7,1,3864.98,0,0.0,0.09,1.24,Low
COMP_0783,8,1,3896.45,0,0.0,0.09,1.24,Low
COMP_0703,8,1,3670.09,0,0.0,0.09,1.24,Low
COMP_1405,8,1,3922.71,0,0.0,0.09,1.24,Low
COMP_1471,7,1,4102.23,0,0.0,0.09,1.24,Low
COMP_0759,8,1,3651.15,0,0.0,0.09,1.24,Low
COMP_0119,8,1,3273.62,0,0.0,0.09,1.23,Low
COMP_0051,7,1,2715.79,0,0.0,0.09,1.22,Low
COMP_0345,8,1,2641.31,0,0.0,0.09,1.22,Low
COMP_1549,8,1,2886.78,0,0.0,0.09,1.22,Low
COMP_1023,7,1,2179.64,0,0.0,0.09,1.21,Low
COMP_0707,7,1,2140.14,0,0.0,0.09,1.21,Low
COMP_1131,8,1,1349.97,0,0.0,0.09,1.19,Low
COMP_0169,8,1,4722.86,0,0.0,0.08,1.18,Low
COMP_0941,10,1,4724.84,0,0.0,0.08,1.18,Low
COMP_1407,11,1,5041.57,0,0.0,0.08,1.18,Low
COMP_0275,8,1,4832.24,0,0.0,0.08,1.18,Low
COMP_1581,8,1,4244.69,0,0.0,0.08,1.17,Low
COMP_0415,8,1,4354.75,0,0.0,0.08,1.17,Low
COMP_0299,10,1,4470.02,0,0.0,0.08,1.17,Low
COMP_0679,8,1,4573.58,0,0.0,0.08,1.17,Low
COMP_0409,7,1,4399.22,0,0.0,0.08,1.17,Low
COMP_0429,7,1,4006.86,0,0.0,0.08,1.16,Low
COMP_1321,7,1,4073.57,0,0.0,0.08,1.16,Low
COMP_0141,7,1,3964.78,0,0.0,0.08,1.16,Low
COMP_1247,9,1,4140.65,0,0.0,0.08,1.16,Low
COMP_0023,7,1,4140.35,0,0.0,0.08,1.16,Low
COMP_0305,8,1,4113.59,0,0.0,0.08,1.16,Low
COMP_0849,7,1,3862.54,0,0.0,0.08,1.16,Low
COMP_0193,8,1,3676.38,0,0.0,0.08,1.16,Low
COMP_1047,7,1,3658.2,0,0.0,0.08,1.16,Low
COMP_1591,8,1,3426.72,0,0.0,0.08,1.15,Low
COMP_0377,7,1,3123.2,0,0.0,0.08,1.15,Low
COMP_1379,8,1,3545.04,0,0.0,0.08,1.15,Low
COMP_1091,8,1,3524.37,0,0.0,0.08,1.15,Low
COMP_1283,7,1,3282.12,0,0.0,0.08,1.15,Low
COMP_0845,8,1,2825.16,0,0.0,0.08,1.14,Low
COMP_0331,8,1,2871.04,0,0.0,0.08,1.14,Low
COMP_1237,8,1,3001.42,0,0.0,0.08,1.14,Low
COMP_0829,9,1,1991.67,0,0.0,0.08,1.13,Low
COMP_0949,8,1,2135.95,0,0.0,0.08,1.13,Low
COMP_1305,8,1,2337.23,0,0.0,0.08,1.13,Low
COMP_1097,7,1,2481.21,0,0.0,0.08,1.13,Low
COMP_1213,7,1,1539.59,0,0.0,0.08,1.12,Low
COMP_0967,7,1,1414.56,0,0.0,0.08,1.12,Low
COMP_0801,8,1,1210.58,0,0.0,0.08,1.11,Low
COMP_1189,8,1,997.49,0,0.0,0.08,1.11,Low
COMP_0371,8,1,1333.54,0,0.0,0.08,1.11,Low
COMP_1507,7,1,850.49,0,0.0,0.08,1.11,Low
COMP_0891,7,1,778.42,0,0.0,0.08,1.1,Low
COMP_0701,7,1,4433.96,0,0.0,0.07,1.09,Low
COMP_1477,9,1,3880.68,0,0.0,0.07,1.08,Low
COMP_0709,7,1,3773.41,0,0.0,0.07,1.08,Low
COMP_0991,8,1,3671.79,0,0.0,0.07,1.08,Low
COMP_0659,9,1,4001.22,0,0.0,0.07,1.08,Low
COMP_1515,7,1,4055.47,0,0.0,0.07,1.08,Low
COMP_0815,7,1,4073.08,0,0.0,0.07,1.08,Low
COMP_1251,8,1,3557.27,0,0.0,0.07,1.07,Low
COMP_0819,8,1,3580.67,0,0.0,0.07,1.07,Low
COMP_0635,8,1,3236.6,0,0.0,0.07,1.07,Low
COMP_1241,7,1,2563.05,0,0.0,0.07,1.06,Low
COMP_1607,9,1,2187.6,0,0.0,0.07,1.05,Low
COMP_1061,8,1,1832.11,0,0.0,0.07,1.04,Low
COMP_1211,9,1,1866.87,0,0.0,0.07,1.04,Low
COMP_0747,9,1,1391.66,0,0.0,0.07,1.04,Low
COMP_0763,8,1,1350.14,0,0.0,0.07,1.03,Low
COMP_0003,7,1,714.39,0,0.0,0.07,1.02,Low
COMP_1397,8,1,3516.32,0,0.0,0.06,0.99,Low
COMP_1123,8,1,3097.37,0,0.0,0.06,0.99,Low
COMP_0123,7,1,3522.18,0,0.0,0.06,0.99,Low
COMP_0717,7,1,3193.5,0,0.0,0.06,0.99,Low
COMP_0391,7,1,3544.92,0,0.0,0.06,0.99,Low
COMP_1449,7,1,3490.82,0,0.0,0.06,0.99,Low
COMP_1201,9,1,2859.81,0,0.0,0.06,0.98,Low
COMP_1153,8,1,2728.17,0,0.0,0.06,0.98,Low
COMP_1381,7,1,2571.96,0,0.0,0.06,0.98,Low
COMP_0807,8,1,2733.92,0,0.0,0.06,0.98,Low
COMP_1667,7,1,3034.41,0,0.0,0.06,0.98,Low
COMP_0323,7,1,3002.84,0,0.0,0.06,0.98,Low
COMP_0599,8,1,2136.38,0,0.0,0.06,0.97,Low
COMP_0573,9,1,1744.08,0,0.0,0.06,0.96,Low
COMP_1349,8,1,940.6,0,0.0,0.06,0.95,Low
COMP_1103,7,1,498.3,0,0.0,0.06,0.94,Low
COMP_1575,8,1,3095.16,0,0.0,0.05,0.91,Low
COMP_0887,9,1,3076.6,0,0.0,0.05,0.91,Low
COMP_0969,10,1,2209.2,0,0.0,0.05,0.89,Low
COMP_0351,7,1,2401.56,0,0.0,0.05,0.89,Low
COMP_1547,7,1,2354.8,0,0.0,0.05,0.89,Low
COMP_0875,8,1,628.99,0,0.0,0.05,0.86,Low
COMP_1383,8,1,580.83,0,0.0,0.05,0.86,Low
COMP_0081,8,1,571.48,0,0.0,0.05,0.86,Low
COMP_1183,8,1,1608.06,0,0.0,0.04,0.8,Low
COMP_1709,8,1,1788.03,0,0.0,0.03,0.72,Low
